sent_id,symbol,pub_date,elr,concept,lang,text,label_binary,label_tech,label_commitment,label_realisation,amount_flag,stratum,n_words
AHLI|2022-04-02|DisclosuresDirectorsReport|jsc_DisclosureOfDirectorsReport|0|en|34,AHLI,2022-04-02,DisclosuresDirectorsReport,jsc_DisclosureOfDirectorsReport,en,"Jordan Ahli Bank strives on several fronts to maximize the benefits of artificial intelligence, and machine learning utilizing them in Data Science to automate tasks and workflow analysis.",,,,,FALSE,screen_positive,28
AHLI|2022-04-02|DisclosuresDirectorsReport|jsc_DisclosureOfDirectorsReport|0|en|35,AHLI,2022-04-02,DisclosuresDirectorsReport,jsc_DisclosureOfDirectorsReport,en,"So far, Jordan Ahli Bank has automated over 400 internal operations and adopted second-generation technologies such as Blockchain, Cloud Computing, Microservices, Open API to improve customer experience, enhance productivity, and align them with reducing costs and risks plans.",,,,,FALSE,screen_positive,38
ARBK|2025-04-06|DisclosuresDirectorsReport|jsc_DisclosureOfDirectorsReport|0|en|33,ARBK,2025-04-06,DisclosuresDirectorsReport,jsc_DisclosureOfDirectorsReport,en,"We continued to develop our range of services and implement the latest digital solutions, supported by artificial intelligence, to deliver comprehensive and innovative banking and financing solutions tailored to the diverse needs of our corporate, institutional, and individual clients across various sectors.",,,,,FALSE,screen_positive,42
ARBK|2025-04-06|DisclosuresDirectorsReport|jsc_DisclosureOfDirectorsReport|0|en|41,ARBK,2025-04-06,DisclosuresDirectorsReport,jsc_DisclosureOfDirectorsReport,en,"Alongside this, we will enhance operational efficiency by adopting the latest FinTech solutions and artificial intelligence technologies.",,,,,FALSE,screen_positive,17
CABK|2025-04-30|DisclosuresDirectorsReport|jsc_DisclosureOfCompanysContributionToEnvironmentalProtectionAndLocalCommunityService|0|ar|5,CABK,2025-04-30,DisclosuresDirectorsReport,jsc_DisclosureOfCompanysContributionToEnvironmentalProtectionAndLocalCommunityService,ar,ولان المرأة لها اولوية خاصة في برامج البنك واستراتيجيته فقد رعى بنك القاهرة عمان الفعالية الدولية لدعم صحة المرأة النفسية والروحية والجسدية في دورتها العاشرة، والتي أُقيمت في آيلة في مدينة العقبة حيث تم تسليط الضوء على دور المرأة العقباوية ومهاراتها ومساهمتها الفعّالة في مجتمعها المحلي من خلال عروض موسيقية والحرف التقليدية والمشغولات اليدوية المتنوعة ، وتسعى الفعالية الى دعم التكامل بين الصحة الجسدية والنفسية والروحية للمرأة، من خلال مشاركات من خبيرات وخبراء أردنيين وعرب واجانب في مجالات الصحة النفسية وجسدية واليوغا والعلاج بالفن والموسيقى والزيوت العطرية الطبية، بالإضافة إلى محاضرات حول الذكاء الاصطناعي والعلاقات الزوجية.,,,,,FALSE,screen_positive,96
DERA|2024-04-30|NotesListOfNotes|ifrs-full_DisclosureOfBasisOfConsolidationExplanatory|0|en|7,DERA,2024-04-30,NotesListOfNotes,ifrs-full_DisclosureOfBasisOfConsolidationExplanatory,en,Segment reporting Business segments represent distinguishable components of the Group that are engaged in providing products or services which are subject to risks and rewards that are different from those of other segments and are measured based on the reports sent to the chief operating decision maker.,,,,,FALSE,screen_positive,47
DERA|2024-04-30|NotesListOfNotes|ifrs-full_DisclosureOfOtherNoncurrentAssetsExplanatory|0|en|0,DERA,2024-04-30,NotesListOfNotes,ifrs-full_DisclosureOfOtherNoncurrentAssetsExplanatory,en,Segment reporting Business segments represent distinguishable components of the Group that are engaged in providing products or services which are subject to risks and rewards that are different from those of other segments and are measured based on the reports sent to the chief operating decision maker.,,,,,FALSE,screen_positive,47
INVB|2021-04-28|NotesListOfNotes|ifrs-full_DisclosureOfCreditRiskExplanatory|0|ar|4,INVB,2021-04-28,NotesListOfNotes,ifrs-full_DisclosureOfCreditRiskExplanatory,ar,- تحليل البيانات والقوائم المالية الخاصة بالعميل لإستخراج أهم النسب المالية والمؤشرات التي تساعد في اتخاذ القرارات الإئتمانية.,,,,,FALSE,screen_positive,18
JOEP|2022-04-24|NotesListOfNotes|ifrs-full_DisclosureOfIncomeTaxExplanatory|0|en|3,JOEP,2022-04-24,NotesListOfNotes,ifrs-full_DisclosureOfIncomeTaxExplanatory,en,"Gate lightning for Cloud services - Subsidiary company: The income tax provision has been calculated on the company’s business results for the year ended December 31, 2021 and 2020 in accordance with Income Tax Law No. 38 of 2018 and its subsequent amendments.",,,,,FALSE,screen_positive,43
JOPT|2022-04-21|DisclosuresDirectorsReport|jsc_DescriptionOfCompanysMainActivitiesWithTheirRespectiveGeographicalLocationsSizeOfCapitalInvestmentAndNumberOfEmployees|0|en|19,JOPT,2022-04-21,DisclosuresDirectorsReport,jsc_DescriptionOfCompanysMainActivitiesWithTheirRespectiveGeographicalLocationsSizeOfCapitalInvestmentAndNumberOfEmployees,en,"Lube oil products comply with the Jordanian specifications, the American Petroleum Institute (API- American Petroleum Institute) standards, the Society of Automobiles Engineers (SAE Society of Automotive Engineers) standards, European standards (ACEA), Original Equipment manufacturers (OEM) specifications and the American Army Military standards (Military Standard), The products are subjected to the most stringent quality control tests carried out in modern specialized laboratories.",,,,,FALSE,screen_positive,61
JOPT|2022-04-21|DisclosuresDirectorsReport|jsc_DescriptionOfSubsidiaryCompaniesNatureOfTheirBusinessAndTheirAreasOfActivity|0|en|18,JOPT,2022-04-21,DisclosuresDirectorsReport,jsc_DescriptionOfSubsidiaryCompaniesNatureOfTheirBusinessAndTheirAreasOfActivity,en,"Lube oil products comply with the Jordanian specifications, the American Petroleum Institute (API- American Petroleum Institute) standards, the Society of Automobiles Engineers (SAE Society of Automotive Engineers) standards, European standards (ACEA), Original Equipment manufacturers (OEM) specifications and the American Army Military standards (Military Standard), The products are subjected to the most stringent quality control tests carried out in modern specialized laboratories.",,,,,FALSE,screen_positive,61
JOPT|2022-04-21|DisclosuresDirectorsReport|jsc_DisclosureOfAnyGovernmentProtectionOrAnyConcessionGrantedToCompanyOrToAnyOfItsProductsPursuantToLawsRegulationsOrOtherwiseWithSpecificationOfEffectivePeriodThereofAsWellAsDescriptionOfAnyPatentsOrLicensingRightsObtainedByCompany|0|en|132,JOPT,2022-04-21,DisclosuresDirectorsReport,jsc_DisclosureOfAnyGovernmentProtectionOrAnyConcessionGrantedToCompanyOrToAnyOfItsProductsPursuantToLawsRegulationsOrOtherwiseWithSpecificationOfEffectivePeriodThereofAsWellAsDescriptionOfAnyPatentsOrLicensingRightsObtainedByCompany,en,"Lube oil products comply with the Jordanian specifications, the American Petroleum Institute (API- American Petroleum Institute) standards, the Society of Automobiles Engineers (SAE Society of Automotive Engineers) standards, European standards (ACEA), Original Equipment manufacturers (OEM) specifications and the American Army Military standards (Military Standard), The products are subjected to the most stringent quality control tests carried out in modern specialized laboratories.",,,,,FALSE,screen_positive,61
JOPT|2022-04-21|DisclosuresDirectorsReport|jsc_DisclosureOfDirectorsReport|0|en|171,JOPT,2022-04-21,DisclosuresDirectorsReport,jsc_DisclosureOfDirectorsReport,en,"Lube oil products comply with the Jordanian specifications, the American Petroleum Institute (API- American Petroleum Institute) standards, the Society of Automobiles Engineers (SAE Society of Automotive Engineers) standards, European standards (ACEA), Original Equipment manufacturers (OEM) specifications and the American Army Military standards (Military Standard), The products are subjected to the most stringent quality control tests carried out in modern specialized laboratories.",,,,,FALSE,screen_positive,61
JTEL|2022-04-27|DisclosuresDirectorsReport|jsc_DisclosureOfCompanysAccomplishmentsSupportedByQuantitativeIndicatorsAndDescriptionOfSignificantOccurrencesToCompanyDuringFiscalYear|0|en|7,JTEL,2022-04-27,DisclosuresDirectorsReport,jsc_DisclosureOfCompanysAccomplishmentsSupportedByQuantitativeIndicatorsAndDescriptionOfSignificantOccurrencesToCompanyDuringFiscalYear,en,"This new technology will accelerate digital transformation, and provide more space for IoT, smart cities, and Industrial solutions. in terms of finance although the pandemic brought long-term exceptional changes, we succeeded in increasing the group’s revenues and profit.",,,,,FALSE,screen_positive,38
JTEL|2022-04-27|NotesListOfNotes|jsc-rep_DisclosureOfCashOnHandAndAtBanks|0|ar|3,JTEL,2022-04-27,NotesListOfNotes,jsc-rep_DisclosureOfCashOnHandAndAtBanks,ar,** حصلت المجموعة على 4 منح (منحتين خلال عام 2020 و منحتين خلال العام 2021) لتوفير التمويل لتعزيز مبادرات الابتكار الخاصة بشركة الاتصالات الأردنية، بما في ذلك أكاديمية الترميز التابعة للمجموعة والبرامج الأكاديمية الأخرى.,,,,,FALSE,screen_positive,34
ZEIC|2024-02-13|DisclosuresDirectorsReport|jsc_DisclosureOfDirectorsReport|0|en|111,ZEIC,2024-02-13,DisclosuresDirectorsReport,jsc_DisclosureOfDirectorsReport,en,"Artificial Intelligence and Robotics Engineering Applied English Technical accounting Electronic business management There has been a clear development in the number of accepted students in the last two years, as the number of students in 2023 reached (929) students, while in 2022 it reached (502) students.",,,,,TRUE,screen_positive,46
ZEIC|2024-02-13|DisclosuresDirectorsReport|jsc_DisclosureOfDirectorsReport|0|ar|129,ZEIC,2024-02-13,DisclosuresDirectorsReport,jsc_DisclosureOfDirectorsReport,ar,هندسة الذكاء الاصطناعي والروبوتات اللغة الإنجليزية التطبيقية المحاسبة التقنية إدارة الأعمال الإلكترونية حيث ظهر تطور واضح في أعداء المقبولين في السنتين الأخيرتين حيث بلغ عدد أعداد الطلبة في عام 2023 (929) طالباً بينما بلغ في عام 2022 (502) طالباً.,,,,,TRUE,screen_positive,39
ZEIC|2024-02-13|DisclosuresDirectorsReport|jsc_DisclosureOfIssuingCompanysOrganizationalChartNumberOfItsEmployeesAndTheirClassesOfQualificationAndItsPersonnelQualifyingAndTrainingPrograms|0|en|1,ZEIC,2024-02-13,DisclosuresDirectorsReport,jsc_DisclosureOfIssuingCompanysOrganizationalChartNumberOfItsEmployeesAndTheirClassesOfQualificationAndItsPersonnelQualifyingAndTrainingPrograms,en,Secretariat * Consultants are from outside the company Audit and Internal Control Council's Secretariat 9- B - Organizational structure of Zarqa University Board of Trustees Consultants Internal Control Unit University President University Council President’s Office Deans’ Council Vices to the President President’s Counselors Secretariat of the Presidency and the Council Deanships Centers and Administrative Departments Dean of the Faculty of Sharea Dean of the Faculty of Arts Director of Public Relations Director of the Library Dean of the Faculty of Science Dean of the Faculty of Economics and Administrative Sciences Director of Financial Affairs Director of Development and Quality Assurance Unit Dean of the Faculty of Educational Sciences Dean of the Faculty of Law Director of Public Relations Director of Outside Projects Unit Dean of the Faculty of Medical Sciences Dean of the Faculty of Nursing Director of General Services Director of Translation Unit Dean of the Faculty of Engineering Technology Dean of the Faculty of Pharmacy Director of Medical Services and Insurance Director of Blended Learning Dean of the Faculty of Art and Design Dean of the Faculty of Mass Media Director of Supplies Director of Business Incubator Unit Dean of the Faculty of Information Technology Dean of Scientific Research Director of Islamic Cultural Center Director of Computer Center Dean of Students’ Affairs Dean of Admission and Registration Director of Continued Learning Center Director of Languages Center Dean of the Faculty of Dentistry Director of Electronic Learning Center Director of Energy Research Center 9 – C - The Organizational Structure of Zarqa Technical Intermediate College Board of Trustees Audit and Control Unit Dean of the College Secretariat of the Council Financial Department Secretariat Department of Cyber Security and Artificial Intelligence Engineering Department of Cyber Security and Artificial Intelligence Engineering Department of Digital Media and Animation Art Department of Architecture and Interior Design Department of Electric Vehicles Maintenance and Renewable Energy Technology College Council Deputy Dean Digital Media Animation Arts Technical Accounting Applied English Language Cyber Security Artificial Intelligence Engineering Electric Vehicle Maintenance Renewable energy technology 9 – D - The organizational Structure of Zarqa University Schools and Kindergarten Chairman of Administrative Board General Director Deputy of General Director Supervision Unit Secretariat Archiving Supervision and Training Quality Assurance Registration and Student’s Affairs Financial Dept.,,,,,FALSE,screen_positive,374
BOJX|2024-03-28|DisclosuresDirectorsReport|jsc_DisclosureOfDirectorsReport|0|en|14,BOJX,2024-03-28,DisclosuresDirectorsReport,jsc_DisclosureOfDirectorsReport,en,"Most importantly, the bank has taken a deep dive into data analytics by creating a division for data management, which includes specialized units for data analytics, reporting, governance, and quality control.",,,,,FALSE,screen_positive,31
INVB|2021-05-18|NotesListOfNotes|ifrs-full_DisclosureOfCreditRiskExplanatory|0|ar|4,INVB,2021-05-18,NotesListOfNotes,ifrs-full_DisclosureOfCreditRiskExplanatory,ar,- تحليل البيانات والقوائم المالية الخاصة بالعميل لإستخراج أهم النسب المالية والمؤشرات التي تساعد في اتخاذ القرارات الإئتمانية.,,,,,FALSE,screen_positive,18
JOEP|2023-04-30|NotesListOfNotes|ifrs-full_DisclosureOfIncomeTaxExplanatory|0|en|5,JOEP,2023-04-30,NotesListOfNotes,ifrs-full_DisclosureOfIncomeTaxExplanatory,en,"Gate lightning for Cloud services - Subsidiary company: The income tax provision has been calculated on the company’s business results for the year ended December 31, 2022, and 2021 in accordance with Income Tax Law No. 38 of 2018 and its subsequent amendments.",,,,,FALSE,screen_positive,43
JOPH|2024-05-06|DisclosuresDirectorsReport|jsc_DisclosureOfBenefitsAndRemunerationsOfChairmanMembersOfBoardOfDirectorsAndSeniorExecutiveManagementDuringTheFiscalYearIncludingPaymentsReceivedByAnyOfThemSuchAsFeesSalariesBonusesAndOtherwiseAndTheirTravelAndTransportExpensesWithinKingdomAndAbroad|0|ar|56,JOPH,2024-05-06,DisclosuresDirectorsReport,jsc_DisclosureOfBenefitsAndRemunerationsOfChairmanMembersOfBoardOfDirectorsAndSeniorExecutiveManagementDuringTheFiscalYearIncludingPaymentsReceivedByAnyOfThemSuchAsFeesSalariesBonusesAndOtherwiseAndTheirTravelAndTransportExpensesWithinKingdomAndAbroad,ar,الخبرات السابقة - رئيس لجنة الترميز في شركة مناجم الفوسفات.,,,,,FALSE,screen_positive,10
JOPH|2024-05-06|DisclosuresDirectorsReport|jsc_TheMembersOfBoardOfDirectorsNamesAndNamesAndRanksOfSeniorExecutiveManagementWithBriefResumeOfEach|0|ar|62,JOPH,2024-05-06,DisclosuresDirectorsReport,jsc_TheMembersOfBoardOfDirectorsNamesAndNamesAndRanksOfSeniorExecutiveManagementWithBriefResumeOfEach,ar,الخبرات السابقة - رئيس لجنة الترميز في شركة مناجم الفوسفات.,,,,,FALSE,screen_positive,10
JOPT|2023-04-30|DisclosuresDirectorsReport|jsc_DisclosureOfAnyGovernmentProtectionOrAnyConcessionGrantedToCompanyOrToAnyOfItsProductsPursuantToLawsRegulationsOrOtherwiseWithSpecificationOfEffectivePeriodThereofAsWellAsDescriptionOfAnyPatentsOrLicensingRightsObtainedByCompany|0|en|142,JOPT,2023-04-30,DisclosuresDirectorsReport,jsc_DisclosureOfAnyGovernmentProtectionOrAnyConcessionGrantedToCompanyOrToAnyOfItsProductsPursuantToLawsRegulationsOrOtherwiseWithSpecificationOfEffectivePeriodThereofAsWellAsDescriptionOfAnyPatentsOrLicensingRightsObtainedByCompany,en,"Lube oil products comply with the Jordanian specifications, American Petroleum Institute (API) standards, the Society of Automobiles Engineers (SAE) standards, European standards (ACEA), Original Equipment manufacturers (OEM) specifications and the American Army Military standards (Military Standard), the products are subjected to the most stringent quality control tests carried out in modern specialized laboratories.",,,,,FALSE,screen_positive,53
JOPT|2023-04-30|DisclosuresDirectorsReport|jsc_DisclosureOfDirectorsReport|0|en|189,JOPT,2023-04-30,DisclosuresDirectorsReport,jsc_DisclosureOfDirectorsReport,en,"Lube oil products comply with the Jordanian specifications, American Petroleum Institute (API) standards, the Society of Automobiles Engineers (SAE) standards, European standards (ACEA), Original Equipment manufacturers (OEM) specifications and the American Army Military standards (Military Standard), the products are subjected to the most stringent quality control tests carried out in modern specialized laboratories.",,,,,FALSE,screen_positive,53
JOPT|2023-04-30|DisclosuresDirectorsReport|jsc_DisclosureOfDirectorsReport|0|en|299,JOPT,2023-04-30,DisclosuresDirectorsReport,jsc_DisclosureOfDirectorsReport,en,"Lube oil products are based on Jordanian specifications, American Petroleum Institute (API) standards, the Society of Automobiles Engineers (SAE) standards, European standards (ACEA), Original Equipment manufacturers (OEM) specifications and the American Army Military standards (Military Standard), The products are subjected to the most stringent quality control tests carried out in modern specialized laboratories.",,,,,FALSE,screen_positive,53
JOPT|2023-04-30|DisclosuresDirectorsReport|jsc_DisclosureOfImportantProspectiveDevelopmentsIncludingAnyNewExpansionsAndProjectsCompanysProposedPlanForAtLeastOneUpcomingYearAndBoardOfDirectorsForecastsForOutcomesOfCompanyActivities|0|en|73,JOPT,2023-04-30,DisclosuresDirectorsReport,jsc_DisclosureOfImportantProspectiveDevelopmentsIncludingAnyNewExpansionsAndProjectsCompanysProposedPlanForAtLeastOneUpcomingYearAndBoardOfDirectorsForecastsForOutcomesOfCompanyActivities,en,"The plan also includes continuing to modernize the lube-oil laboratory by purchasing new and modern testing devices in order to raise the level of reliability and qualify it to examine used lube-oil to raise the level of after-sales service, and expand the scope of accreditation obtained by the laboratory (ISO 17025) from the accreditation unit of the Standards and Metrology Institution and the international ILAC organization, the plan also includes the production of new types of lube-oil with higher performance levels, such as gasoline engine oil with a performance level (API SP) and diesel engine oil with a performance level (CK4 and CJ4), where additives have been purchased for their production, and their production is expected to start during the second quarter of 2023.",,,,,FALSE,screen_positive,124
JOPT|2023-04-30|NotesListOfNotes|jsc-rep_DisclosureOfFuturePlan|0|en|26,JOPT,2023-04-30,NotesListOfNotes,jsc-rep_DisclosureOfFuturePlan,en,"The plan also includes continuing to modernize the lube-oil laboratory by purchasing new and modern testing devices in order to raise the level of reliability and qualify it to examine used lube-oil to raise the level of after-sales service, and expand the scope of accreditation obtained by the laboratory (ISO 17025) from the accreditation unit of the Standards and Metrology Institution and the international ILAC organization, the plan also includes the production of new types of lube-oil with higher performance levels, such as gasoline engine oil with a performance level (API SP) and diesel engine oil with a performance level (CK4 and CJ4), where additives have been purchased for their production, and their production is expected to start during the second quarter of 2023.",,,,,FALSE,screen_positive,124
JTEL|2023-04-27|DisclosuresDirectorsReport|jsc_DisclosureOfCompanysAccomplishmentsSupportedByQuantitativeIndicatorsAndDescriptionOfSignificantOccurrencesToCompanyDuringFiscalYear|0|en|7,JTEL,2023-04-27,DisclosuresDirectorsReport,jsc_DisclosureOfCompanysAccomplishmentsSupportedByQuantitativeIndicatorsAndDescriptionOfSignificantOccurrencesToCompanyDuringFiscalYear,en,"This new technology will accelerate digital transformation and provide more opportunities for IoT, smart cities, and industrial solutions .",,,,,FALSE,screen_positive,19
JTEL|2023-04-27|NotesListOfNotes|jsc-rep_DisclosureOfCashOnHandAndAtBanks|0|ar|4,JTEL,2023-04-27,NotesListOfNotes,jsc-rep_DisclosureOfCashOnHandAndAtBanks,ar,** حصلت المجموعة على 4 منح (منحتين خلال عام 2020 و منحتين خلال العام 2021) لتوفير التمويل لتعزيز مبادرات الابتكار الخاصة بشركة الاتصالات الأردنية، بما في ذلك أكاديمية الترميز التابعة للمجموعة والبرامج الأكاديمية الأخرى.,,,,,FALSE,screen_positive,34
ZEIC|2025-02-12|DisclosuresDirectorsReport|jsc_DisclosureOfDirectorsReport|0|en|66,ZEIC,2025-02-12,DisclosuresDirectorsReport,jsc_DisclosureOfDirectorsReport,en,"B. Zarqa Intermediate Technical College: - Zarqa Technical Intermediate College includes a number of specializations, namely: • Tax and Customs Sciences • Renewable Energy Technology • Electric and Hybrid Vehicle Maintenance • Architecture and Interior Design • Animation Arts • Digital Media • Cyber Security Specialization • Artificial Intelligence and Robotics Engineering • Applied English • Technical Accounting • E-Business Management There has been a clear development in the number of accepted students in the last two years, as the number of students in 2024 reached (1554) students compared to (959) students in 2023.",,,,,TRUE,screen_positive,94
ZEIC|2025-02-12|DisclosuresDirectorsReport|jsc_DisclosureOfDirectorsReport|0|ar|102,ZEIC,2025-02-12,DisclosuresDirectorsReport,jsc_DisclosureOfDirectorsReport,ar,هندسة الذكاء الاصطناعي والروبوتات اللغة الإنجليزية التطبيقية المحاسبة التقنية إدارة الأعمال الإلكترونية وظهر تطور واضح في أعداد المقبولين في السنتين الأخيرتين حيث بلغ أعداد الطلبة في عام 2024 (1554) طالباً مقارنة مع عام 2023 (959) طالباً.,,,,,TRUE,screen_positive,36
ZEIC|2025-02-12|DisclosuresDirectorsReport|jsc_DisclosureOfIssuingCompanysOrganizationalChartNumberOfItsEmployeesAndTheirClassesOfQualificationAndItsPersonnelQualifyingAndTrainingPrograms|0|en|1,ZEIC,2025-02-12,DisclosuresDirectorsReport,jsc_DisclosureOfIssuingCompanysOrganizationalChartNumberOfItsEmployeesAndTheirClassesOfQualificationAndItsPersonnelQualifyingAndTrainingPrograms,en,Secretariat * Consultants are from outside the company Audit and Internal Control Council's Secretariat 9- B - Organizational structure of Zarqa University Board of Trustees Consultants Internal Control Unit University President University Council President’s Office Deans’ Council Vices to the President President’s Counselors Secretariat of the Presidency and the Council Deanships Centers and Administrative Departments Dean of the Faculty of Sharea Dean of the Faculty of Arts Director of Public Relations Director of the Library Dean of the Faculty of Science Dean of the Faculty of Economics and Administrative Sciences Director of Financial Affairs Director of Development and Quality Assurance Unit Dean of the Faculty of Educational Sciences Dean of the Faculty of Law Director of Public Relations Director of Outside Projects Unit Dean of the Faculty of Medical Sciences Dean of the Faculty of Nursing Director of General Services Director of Translation Unit Dean of the Faculty of Engineering Technology Dean of the Faculty of Pharmacy Director of Medical Services and Insurance Director of Blended Learning Dean of the Faculty of Art and Design Dean of the Faculty of Mass Media Director of Supplies Director of Business Incubator Unit Dean of the Faculty of Information Technology Dean of Scientific Research Director of Islamic Cultural Center Director of Computer Center Dean of Students’ Affairs Dean of Admission and Registration Director of Continued Learning Center Director of Languages Center Dean of the Faculty of Dentistry Director of Electronic Learning Center Director of Energy Research Center 9 – C - The Organizational Structure of Zarqa Technical Intermediate College Board of Trustees Audit and Control Unit Dean of the College Secretariat of the Council Financial Department Secretariat Department of Cyber Security and Artificial Intelligence Engineering Department of Cyber Security and Artificial Intelligence Engineering Department of Digital Media and Animation Art Department of Architecture and Interior Design Department of Electric Vehicles Maintenance and Renewable Energy Technology College Council Deputy Dean Digital Media Animation Arts Technical Accounting Applied English Language Cyber Security Artificial Intelligence Engineering Electric Vehicle Maintenance Renewable energy technology 9 – D - The organizational Structure of Zarqa University Schools and Kindergarten Chairman of Administrative Board General Director Deputy of General Director Supervision Unit Secretariat Archiving Supervision and Training Quality Assurance Registration and Student’s Affairs Financial Dept.,,,,,FALSE,screen_positive,374
AEIV|2021-05-04|CorporateGovernanceReport|jsc-rep_DisclosureOfNumberOfMeetingsOfCommitteesDuringYearWithStatementOfMembersPresent|0|ar|1,AEIV,2021-05-04,CorporateGovernanceReport,jsc-rep_DisclosureOfNumberOfMeetingsOfCommitteesDuringYearWithStatementOfMembersPresent,ar,وكان حضور أعضاء اللجنة كما يلي : الرقم اسماء الاعضاء الصفة حضور إجتماعات مؤهلاتهم و خبراتهم 1 السيد / بكر صديق عمر ابو سيدو بكالوريوس إدارة أعمال ( 1998 ) ماجستير إدارة أعمال 2011 رئيس اللجنة 4 عضو مجلس ادارة شركة جراسيا للتأمين نائب رئيس مجلس ادارة ومدير عام مجموعة تونيلي للدواجن / رومانيا عضو لجنة الاستثمار والتدقيق لمجموعة تونيلي (رومانيا) مدير عام شركة سيليكت نوثربكوم للانتاج الزراعي والاعلاف / رومانيا نائب رئيس مجلس ادارة سيدو يونيون للتطوير العقاري (رومانيا) مدير عام شركة اميال للمقاولات (دبي) 2 الدكتور / اسامه رستم عزيز ماضي دكتوراه هندسة إنشائية (1981) عضو 5 أستاذ مساعد وأستاذ مشارك كلية الهندسة الجامعة الاردنية رئيس هيئة مديرين / الإئتلاف للإستثمارات الهندسية (ماضي وشركاهم) رئيس هيئة مديرين شركة العقبة للتعليم رئيس هيئة مديرين شركة الهضاب للإستثمارات السياحية والعقارية 3 السيد / عمار وائل عزت السجدي ماجستير هندسة اتصالات (1990) عضو 5 مهندس في شركة فلسطين الهندسية للمصاعد مدير دائرة اوراكل في مكتب الهندسة والكمبيوتر عضو هيئة مديرين ومدير دائرة البرمجيات في شركة فلسطين الهندسية عضو مجلس إدارة / جمعية شركات تقنية المعلومات الاردنية int@j عضو هيئة ادارية – الجمعية الاردنية للحاسبات مدير عام شركة البرمجيات المتـقدمة مدير مشارك شركة مسار للحلول النقالة عضو هيئة مديرين شركة فلسطين لتطوير انظمة التحكم الالكتروني عضو هيئة مديرين في الشركة المتخصصة لتقنيات قواعد البيانات السيد / معن علي محمد السحيمات بكالوريوس رياضيات (1994) عضو في لجنة التدقيق إعتباراً من 27 / 10 / 2020 بعد إجتماع رقم 4 عضو 1 مسؤول إنتـاج / المصنع الأردني للبصريات مدير في شركة تجارية خاصة مساعد مدير عام شركة الشرق العربي للإستثمارات المالية والإقتصادية م.ع عضو مجلس إدارة ومدير عام شركة المجموعة الأولى للإتصالات م.ع مدير عام شركة الشرق العربي للإستثمارات المالية والإقتصادية م.ع سابقاً رئيس / عضو في مجلس إدارة عدد من المؤسسات والشركات - سابقاً اجتمعت لجنة التدقيق مع المدقق الخارجي مرة واحده خلال عام 2020 من غير حضور أي من أشخاص الإدارة التنفيذية العليا .,,,,,FALSE,screen_positive,312
ARBK|2023-04-30|NotesListOfNotes|ifrs-full_DisclosureOfEntitysReportableSegmentsExplanatory|0|ar|29,ARBK,2023-04-30,NotesListOfNotes,ifrs-full_DisclosureOfEntitysReportableSegmentsExplanatory,ar,بالإضافة الى ما سبق يعمل البنك على ركائز يقود بموجبها استراتيجيته الرقمية وتلك الخاصة بالابتكار ومن أهمها الذكاء الاصطناعي والتحليل الاستباقي.,,,,,FALSE,screen_positive,21
ARBK|2023-04-30|NotesListOfNotes|jsc-rep_DisclosureOfRiskManagement|0|ar|29,ARBK,2023-04-30,NotesListOfNotes,jsc-rep_DisclosureOfRiskManagement,ar,بالإضافة الى ما سبق يعمل البنك على ركائز يقود بموجبها استراتيجيته الرقمية وتلك الخاصة بالابتكار ومن أهمها الذكاء الاصطناعي والتحليل الاستباقي.,,,,,FALSE,screen_positive,21
INVB|2023-04-27|DisclosuresDirectorsReport|jsc_DisclosureOfCompanysRiskExposure|0|ar|55,INVB,2023-04-27,DisclosuresDirectorsReport,jsc_DisclosureOfCompanysRiskExposure,ar,- تحليل البيانات والقوائم المالية الخاصة بالعميل لإستخراج أهم النسب المالية والمؤشرات التي تساعد في اتخاذ القرارات الإئتمانية .,,,,,FALSE,screen_positive,19
INVB|2023-04-27|NotesListOfNotes|ifrs-full_DisclosureOfCreditRiskExplanatory|0|ar|28,INVB,2023-04-27,NotesListOfNotes,ifrs-full_DisclosureOfCreditRiskExplanatory,ar,تحليل البيانات والقوائم المالية الخاصة بالعميل لإستخراج أهم النسب المالية والمؤشرات التي تساعد في اتخاذ القرارات الإئتمانية.,,,,,FALSE,screen_positive,17
JOEP|2024-04-30|NotesListOfNotes|ifrs-full_DisclosureOfSignificantInvestmentsInSubsidiariesExplanatory|0|en|0,JOEP,2024-04-30,NotesListOfNotes,ifrs-full_DisclosureOfSignificantInvestmentsInSubsidiariesExplanatory,en,"The Group owns the following subsidiary as of December 31, 2023: Company Name Authorized Capital Paid up Capital Ownership Percentage Main Activity Location Lightning Gate for Cloud Services 250,000 250,000 100% Providing technology services to facilitate bills payment and claims electronically Amman- Jordan The following table shows the financial position and financial performance of the subsidiary: In Jordanian Dinar Total Assets Total Liabilities Total Revenues Profit for the year 31 December 2023 707,967 434,074 1,039,388 25,720 31 December 2022 784,783 532,678 925,985 6,099 The Group recognizes combining of the business using the consolidation method when control is transferred to the Group and the transferred benefits from the merger are measured at fair value and are determined by the net asset value.",,,,,TRUE,screen_positive,121
JOPH|2025-04-22|DisclosuresDirectorsReport|jsc_DisclosureOfCompanysContributionToEnvironmentalProtectionAndLocalCommunityService|0|ar|15,JOPH,2025-04-22,DisclosuresDirectorsReport,jsc_DisclosureOfCompanysContributionToEnvironmentalProtectionAndLocalCommunityService,ar,تحليل الأسواق واستشراف المستقبل: تقديم دراسات تحليلية عن الأسواق، استكشاف الفرص التجارية، واستخدام الذكاء الاصطناعي لفهم المنافسة واتجاهات السوق.,,,,,FALSE,screen_positive,19
JOPH|2025-04-22|DisclosuresDirectorsReport|jsc_DisclosureOfImportantProspectiveDevelopmentsIncludingAnyNewExpansionsAndProjectsCompanysProposedPlanForAtLeastOneUpcomingYearAndBoardOfDirectorsForecastsForOutcomesOfCompanyActivities|0|en|38,JOPH,2025-04-22,DisclosuresDirectorsReport,jsc_DisclosureOfImportantProspectiveDevelopmentsIncludingAnyNewExpansionsAndProjectsCompanysProposedPlanForAtLeastOneUpcomingYearAndBoardOfDirectorsForecastsForOutcomesOfCompanyActivities,en,"Market Analysis and Future Insights: Conducting analytical market studies, exploring business opportunities, and applying artificial intelligence to understand competition and market trends.",,,,,FALSE,screen_positive,22
JOPH|2025-04-22|DisclosuresDirectorsReport|jsc_TheMembersOfBoardOfDirectorsNamesAndNamesAndRanksOfSeniorExecutiveManagementWithBriefResumeOfEach|0|ar|68,JOPH,2025-04-22,DisclosuresDirectorsReport,jsc_TheMembersOfBoardOfDirectorsNamesAndNamesAndRanksOfSeniorExecutiveManagementWithBriefResumeOfEach,ar,لجان المجلس عضو في لجنة العطاءات الفرعية اللجان التنفيذية - مناصب/عضويات سابقة خارج الشركة المهندس موفق ابوحويلة المنصـــــــــــب: المكلف بتسيير أعمال إدارة التزويد والمشتريات اعتباراً من ١/١٢/٢٠٢٣ تاريخ الميلاد: ١٥/١١/١٩٧٦ تاريخ التعيين: ١٣/٧/١٩٩٨ بكالوريوس في الهندسة الميكانيكية/الجامعة الأردنية بكالوريوس في الإدارة الصناعية حاصل على شهادة : Certified Supply Chain Professional ( CSCP )/ APICS / USA دورة في التصميم الهندسي/ الولايات المتحدة الأمريكية من عام ٢٠٠٩ ولغاية ٢٠١١ المؤهل العلمي مهندس في شركة مناجم الفوسفات مدير مشتريات محلية في شركة مناجم الفوسفات من عام ٢٠١٨ ولغاية ٢٠٢٣ العمل في شركات أمريكية خلال الفترة من ٢٠٠٩ ولغاية ٢٠١٠ الخبرات السابقة عضو في مجلس إدارة شركة ترافنتين/ ترافكو مناصب وعضويات امين سر لجنة العطاءات الرئيسة امين سر لجنة مشتريات المواد الاولية لجان المجلس عضو في لجنة العطاءات الفرعية رئيس لجنة الترميز اللجان التنفيذية عضو سابق في هيئة مديري الشركة الاردنية للاستثمار وتنمية الجنوب عضو في Association for Supply Chain Management ( ASCM )/ USA مناصب/ عضويات خارج الشركة المهندس عبد العزيز العراكزة المنصــــــــــــب: مدير إدارة المجمع الصناعي تاريخ الميلاد: ٨/١/١٩٦١ تاريخ التعيين: ١/٩/٢٠١٩ بكالوريوس هندسة كيماوية من جامعة سبليت/ يوغسلافيا عام ١٩٨٧ المؤهل العلمي ضابط بالقوات المسلحة من عام ١٩٨٧ ولغاية عام ١٩٨٩ مهندس في مصفاة البترول الأردنية من عام ١٩٨٩ ولغاية عام ١٩٩٠ العمل في المجمع الصناعي في شركة مناجم الفوسفات الأردنية من عام ١٩٩٠ ولغاية عام .١٩٩٦ العمل في الشركة الهندية الأردنية للكيماويات ذ.م.,,,,,FALSE,screen_positive,224
JOPT|2024-04-30|NotesListOfNotes|jsc-rep_DisclosureOfFuturePlan|0|en|29,JOPT,2024-04-30,NotesListOfNotes,jsc-rep_DisclosureOfFuturePlan,en,"In order to expand the company's share in the local market, the company will renovate, develop and produce new types of lube oils according to needs of the market and global trends, as the company is currently heading to develop its products by improving performance levels of oils and producing new types such as gasoline engine oil with a performance level (API SP) and diesel engine oils with performance levels (CK4 and CJ4), where the related improvers have been purchased.",,,,,FALSE,screen_positive,80
JTEL|2024-04-25|DisclosuresDirectorsReport|jsc_DisclosureOfCompanysAccomplishmentsSupportedByQuantitativeIndicatorsAndDescriptionOfSignificantOccurrencesToCompanyDuringFiscalYear|0|en|2,JTEL,2024-04-25,DisclosuresDirectorsReport,jsc_DisclosureOfCompanysAccomplishmentsSupportedByQuantitativeIndicatorsAndDescriptionOfSignificantOccurrencesToCompanyDuringFiscalYear,en,"In July 2023, we launched 5G services, bringing advanced connectivity to our customers and opening up new possibilities for IoT, smart cities, and industrial solutions.",,,,,FALSE,screen_positive,25
JTEL|2024-04-25|NotesListOfNotes|jsc-rep_DisclosureOfCashOnHandAndAtBanks|0|ar|3,JTEL,2024-04-25,NotesListOfNotes,jsc-rep_DisclosureOfCashOnHandAndAtBanks,ar,** حصلت المجموعة على 4 منح (منحتين خلال عام 2020 و منحتين خلال العام 2021) لتوفير التمويل لتعزيز مبادرات الابتكار الخاصة بشركة الاتصالات الأردنية، بما في ذلك أكاديمية الترميز التابعة للمجموعة والبرامج الأكاديمية الأخرى.,,,,,FALSE,screen_positive,34
JTEL|2024-04-25|NotesListOfNotes|jsc-rep_DisclosureOfRefundableDeposits|0|ar|0,JTEL,2024-04-25,NotesListOfNotes,jsc-rep_DisclosureOfRefundableDeposits,ar,"ذمم وأرصدة دائنة أخرى 2022 2023 يتكون هذا البند مما يلي : دينار دينار 66.181.439 75.486.338 الدائنون التجاريون 5.541.600 6.071.730 مخصصات أخرى 18,900,737 17.434.231 مصاريف مستحقة 16.208.918 15.547.316 تأمينات المشتركين 8.243.724 9.307.839 مبالغ مستحقة لأطراف ذات علاقة (إيضاح 27) 1.288.795 1.410.369 أمانات المساهمين - ارباح موزعة 94.879 983.449 منح مقيدة* (ايضاح 14) 174.801 161.068 أمانات المساهمين - تخفيض رأس المال 116,634,893 126.402.340 * حصلت المجموعة على 4 منح (منحتين خلال عام 2020 و منحتين خلال العام 2021) لتوفير التمويل لتعزيز مبادرات الابتكار الخاصة بالاتصالات الأردنية ، بما في ذلك أكاديمية الترميز التابعة للمجموعة والبرامج الأكاديمية الأخرى.",,,,,TRUE,screen_positive,96
JTEL|2024-04-25|NotesListOfNotes|jsc-rep_DisclosureOfRefundableDeposits|0|ar|10,JTEL,2024-04-25,NotesListOfNotes,jsc-rep_DisclosureOfRefundableDeposits,ar,منحة الصندوق الأردني للريادة خلال عام 2021 ، وقعت شركة الاتصالات الأردنية اتفاقية منحة مع الصندوق الأردني للريادة ( ISSF ) لتمويل حاضنة الذكاء الاصطناعي ، والتي تعزز دور الشركات الناشئة من خلال بناء المهارات وتطوير المنتجات والوصول إلى الفرص.,,,,,FALSE,screen_positive,40
JTEL|2024-04-25|NotesListOfNotes|jsc-rep_DisclosureTradeAndOtherCurrentPayables|0|ar|0,JTEL,2024-04-25,NotesListOfNotes,jsc-rep_DisclosureTradeAndOtherCurrentPayables,ar,"ذمم وأرصدة دائنة أخرى 2022 2023 يتكون هذا البند مما يلي : دينار دينار 66.181.439 75.486.338 الدائنون التجاريون 5.541.600 6.071.730 مخصصات أخرى 18,900,737 17.434.231 مصاريف مستحقة 16.208.918 15.547.316 تأمينات المشتركين 8.243.724 9.307.839 مبالغ مستحقة لأطراف ذات علاقة (إيضاح 27) 1.288.795 1.410.369 أمانات المساهمين - ارباح موزعة 94.879 983.449 منح مقيدة* (ايضاح 14) 174.801 161.068 أمانات المساهمين - تخفيض رأس المال 116,634,893 126.402.340 * حصلت المجموعة على 4 منح (منحتين خلال عام 2020 و منحتين خلال العام 2021) لتوفير التمويل لتعزيز مبادرات الابتكار الخاصة بالاتصالات الأردنية ، بما في ذلك أكاديمية الترميز التابعة للمجموعة والبرامج الأكاديمية الأخرى.",,,,,TRUE,screen_positive,96
JTEL|2024-04-25|NotesListOfNotes|jsc-rep_DisclosureTradeAndOtherCurrentPayables|0|ar|10,JTEL,2024-04-25,NotesListOfNotes,jsc-rep_DisclosureTradeAndOtherCurrentPayables,ar,منحة الصندوق الأردني للريادة خلال عام 2021 ، وقعت شركة الاتصالات الأردنية اتفاقية منحة مع الصندوق الأردني للريادة ( ISSF ) لتمويل حاضنة الذكاء الاصطناعي ، والتي تعزز دور الشركات الناشئة من خلال بناء المهارات وتطوير المنتجات والوصول إلى الفرص.,,,,,FALSE,screen_positive,40
ZEIC|2022-02-24|DisclosuresDirectorsReport|jsc_DisclosureOfDirectorsReport|0|en|7,ZEIC,2022-02-24,DisclosuresDirectorsReport,jsc_DisclosureOfDirectorsReport,en,"On the academic side, accreditations were obtained for new specializations, most notably the Diploma in Education, Cyber Security, and Artificial Intelligence, and began receiving students there.",,,,,FALSE,screen_positive,26
ZEIC|2022-02-24|DisclosuresDirectorsReport|jsc_DisclosureOfDirectorsReport|0|en|79,ZEIC,2022-02-24,DisclosuresDirectorsReport,jsc_DisclosureOfDirectorsReport,en,Second: The University Supports Many Scientific Researches and Conferences. - Participation in the International Conference on Quran and Language Sciences on 11/1/2021. - Participation in the Pharmaceutical and Medical Research and Opinions Conference during the Corona Pandemic on 23/3/2021. - Participation in the Artificial Intelligence Conference for Defense Technology on 11/1/2021. - Participation in the International Symposium on Information Services in Information Institutions and Libraries on 5/4/2021 - The University's Business Incubator Unit held a workshop entitled Assessing the Technical Needs for Entrepreneurial Business on 26/5/2021 Fourth: Scholarships The university has sent many students on scholarships in master's and doctoral programs to many local and foreign universities.,,,,,FALSE,screen_positive,107
ZEIC|2022-02-24|DisclosuresDirectorsReport|jsc_DisclosureOfDirectorsReport|0|ar|78,ZEIC,2022-02-24,DisclosuresDirectorsReport,jsc_DisclosureOfDirectorsReport,ar,المشاركة في مؤتمر الذكاء الاصطناعي لتكنولوجيا الدفاع بتاريخ 1/11/2021.,,,,,FALSE,screen_positive,9
AHLI|2021-05-09|DisclosuresDirectorsReport|jsc_DisclosureOfDirectorsReport|0|en|48,AHLI,2021-05-09,DisclosuresDirectorsReport,jsc_DisclosureOfDirectorsReport,en,"Ahli Bank was able to provide this service by being the first bank to join the artificial intelligence and blockchain-based eKYC-as-a-service platform “Anameen”, a capability incubated and developed by Ahli Fintech’s accelerator and developed by Jordanian talents and minds in partnership with Microsoft and Oracle.",,,,,FALSE,screen_positive,45
AHLI|2021-05-09|DisclosuresDirectorsReport|jsc_DisclosureOfDirectorsReport|0|ar|30,AHLI,2021-05-09,DisclosuresDirectorsReport,jsc_DisclosureOfDirectorsReport,ar,لقد قطع البنك الأهلي الأردني أشواطاً متقدمة في مسيرته لتبني التطور والإبداع كرؤية مستقبلية ونهج لتحسين وتطوير تجربة العميل والذي تُرجم من خلال الإستثمار في التكنولوجيا المالية وتكنولوجيا المعلومات والإتصالات وحقق نجاحاً مميزاً في إطلاق تطبيقات الخدمات المصرفية المستحدثة من خلال التقنيات والمنصات الرقمية تزامناً مع تقنيات العمل عن بعد والظروف الإستثنائية التي عايشتها المملكة خلال الجائحة، وقد كان من أبرزها إطلاق خدمة “ فتح حساب لحظي ”(Instant Account Opening) لأول مرة في السوق الأردني، حيث تتيح هذه الخدمة لجمهور العملاء الحاليين والمحتملين من القيام بفتح حساباتهم البنكية فوراً، وبشكل إلكتروني ودون الحاجة لزيارة أي من فروع البنك وذلك من خلال تسخير تقنيات الذكاء الإصطناعي و تقنيات تعزيز الواقع والبلوكتشين والتي تعد التقنية الأكثر أماناً بالعالم .,,,,,FALSE,screen_positive,117
ARAS|2021-04-30|NotesListOfNotes|jsc-rep_DisclosureOfReinsuranceRisk|0|ar|4,ARAS,2021-04-30,NotesListOfNotes,jsc-rep_DisclosureOfReinsuranceRisk,ar,تقوم الشركة بمتابعة تصنيف معيدي التامين الاختياري والاتفاقي شهريا للتأكد من عدم تغيير التصنيف إلى ما هو دون الدرجة الأولى أو الثانية.,,,,,FALSE,screen_positive,22
CABK|2024-04-08|DisclosuresDirectorsReport|jsc_TheMembersOfBoardOfDirectorsNamesAndNamesAndRanksOfSeniorExecutiveManagementWithBriefResumeOfEach|0|ar|93,CABK,2024-04-08,DisclosuresDirectorsReport,jsc_TheMembersOfBoardOfDirectorsNamesAndNamesAndRanksOfSeniorExecutiveManagementWithBriefResumeOfEach,ar,السيد زيد جمال زهدي حميد - المدير التنفيذي / إدارة امن المعلومات و مكافحة الجرائم المالية تاريخ الميلاد 18/5/1986 تاريخ التعيين 27/12/2011 المؤهلات العلمية بكالوريوس ادارة اعمال ٢٠١١ الخبرات العملية مدير تنفيذي ادارة امن المعلومات ومكافحة الجرائم المالية من 4/2023 لغاية الان مدير الجرائم المالية و الامن السيبراني لدى بنك القاهرة عمان من 2/2021 لغاية 4/2023 مدير دائرة مكافحة الجرائم المالية لدى بنك القاهرة عمان من 10/2019 لغاية 2/2021 مسؤول قسم التحقيقات و اعرف عميلك لدى بنك القاهرة عمان من 4/2017 لغاية 10/2019 مسؤول قسم مراقبة المعلومات و التحقيق لدى بنك القاهرة عمان من 7/2014 لغاية 4/2017 السيد فؤاد نبيل الخوري اسبير فؤاد الصناع - مدير دائرة التخطيط الاستراتيجي وتطوير الأعمال تاريخ الميلاد 10/6/1992 تاريخ التعيين 1/11/2015 المؤهلات العلمية درجة الماجستير العلوم المالية و المصرفية ٢٠١٥ بكالوريوس اقتصاديات المال والاعمال 2014 الخبرات العملية مدير دائرة التخطيط الاستراتيجي و التطوير الاعمال من 08/2023 لغاية الان مدير دائرة الاستراتيجية و تنقيب البيانات لدى بنك القاهرة عمان من 04/2020 لغاية 08/2023 محلل اقتصادي رئيسي لدى بنك القاهرة عمان من 01/2019 لغاية 04/2020 محلل اقتصادي لدى بنك القاهرة عمان من 11/2015 لغاية 01/2019,,,,,FALSE,screen_positive,179
INVB|2021-03-31|NotesListOfNotes|ifrs-full_DisclosureOfCreditRiskExplanatory|0|ar|4,INVB,2021-03-31,NotesListOfNotes,ifrs-full_DisclosureOfCreditRiskExplanatory,ar,- تحليل البيانات والقوائم المالية الخاصة بالعميل لإستخراج أهم النسب المالية والمؤشرات التي تساعد في اتخاذ القرارات الإئتمانية.,,,,,FALSE,screen_positive,18
JOEP|2021-04-25|NotesListOfNotes|ifrs-full_DisclosureOfSignificantInvestmentsInSubsidiariesExplanatory|0|en|0,JOEP,2021-04-25,NotesListOfNotes,ifrs-full_DisclosureOfSignificantInvestmentsInSubsidiariesExplanatory,en,"The Group owns the following subsidiary as of December 31, 2020: Company Name Authorized Capital Paid up Capital Ownership Percentage Main Activity Location Lightning Gate for Cloud Services* 250,000 250,000 100 % Providing technology to facilitate payment of bills and claims by electronic means Amman – Jordan *On November 27, 2019, the Company has acquired non-controlling intrest in Lighting Gate for Cloud Services at which all of the related procedures have been completed at the end if the year 2019, accordingly, non-controling interest rights have been calculated in the consolidated statement of profit or loss to the date of transfering the shares to Jordan Electric Power Company on December 31, 2019.",,,,,TRUE,screen_positive,111
JOEP|2025-04-30|NotesListOfNotes|ifrs-full_DisclosureOfBasisOfPreparationOfFinancialStatementsExplanatory|0|en|8,JOEP,2025-04-30,NotesListOfNotes,ifrs-full_DisclosureOfBasisOfPreparationOfFinancialStatementsExplanatory,en,"All assets, liabilities, equity, income and expenses relating to transactions and balances between the company and subsidiary are eliminated on consolidation The Group owns the following subsidiaries as of December 31, 2024: Company Name Authorized Capital Paid up Capital Ownership Percentage Main Activity Location Lightning Gate for Cloud Services 250,000 250,000 100% Providing technology services to facilitate the electronic settlement of bills and claims.",,,,,TRUE,screen_positive,64
JOEP|2025-04-30|NotesListOfNotes|ifrs-full_DisclosureOfBasisOfPreparationOfFinancialStatementsExplanatory|0|en|9,JOEP,2025-04-30,NotesListOfNotes,ifrs-full_DisclosureOfBasisOfPreparationOfFinancialStatementsExplanatory,en,"Amman- Jordan Al-Baraq for Energy Services 500,000 500,000 100% Electrical Services Amman- Jordan The following table shows the financial position and financial performance of the subsidiaries as of 31 December 2024, and of 31 December 2023: In Jordanian Dinar As of 31 December 2024, For the Year Ended December 31, 2024 Total Assets Total Liabilities Total Revenues Proft (loss) for the year Lightning Gate for Cloud Services 606,223 322,773 187,475 8,810 Al-Baraq for Energy Services 607,347 115,035 128,598 (7,688) In Jordanian Dinar As of 31 December 2023, For the Year Ended December 31, 2023 Total Assets Total Liabilities Total Revenues loss for the year Lightning Gate for Cloud Services 707,967 434,074 75,710 (25,720) The Group recognizes combining of the business using the consolidation method when control is transferred to the Group and the transferred benefits from the merger are measured at fair value and are determined by the net asset value.",,,,,TRUE,screen_positive,151
JOEP|2025-04-30|NotesListOfNotes|ifrs-full_DisclosureOfIncomeTaxExplanatory|0|en|5,JOEP,2025-04-30,NotesListOfNotes,ifrs-full_DisclosureOfIncomeTaxExplanatory,en,"Gate lightning for Cloud services - Subsidiary company: The income tax provision has been calculated on the company’s business results for the year ended December 31, 2023, and previous years in accordance with Income Tax Law No. 38 of 2018 and its subsequent amendments.",,,,,FALSE,screen_positive,44
JOEP|2025-04-30|NotesListOfNotes|ifrs-full_DisclosureOfSignificantInvestmentsInSubsidiariesExplanatory|0|en|1,JOEP,2025-04-30,NotesListOfNotes,ifrs-full_DisclosureOfSignificantInvestmentsInSubsidiariesExplanatory,en,"Amman- Jordan Al-Baraq for Energy Services 500,000 500,000 100% Electrical Services Amman- Jordan The following table shows the financial position and financial performance of the subsidiaries as of 31 December 2024, and of 31 December 2023: In Jordanian Dinar As of 31 December 2024, For the Year Ended December 31, 2024 Total Assets Total Liabilities Total Revenues Proft (loss) for the year Lightning Gate for Cloud Services 606,223 322,773 187,475 8,810 Al-Baraq for Energy Services 607,347 115,035 128,598 (7,688) In Jordanian Dinar As of 31 December 2023, For the Year Ended December 31, 2023 Total Assets Total Liabilities Total Revenues loss for the year Lightning Gate for Cloud Services 707,967 434,074 75,710 (25,720) The Group recognizes combining of the business using the consolidation method when control is transferred to the Group and the transferred benefits from the merger are measured at fair value and are determined by the net asset value.",,,,,TRUE,screen_positive,151
JOPT|2025-04-30|NotesListOfNotes|jsc-rep_DisclosureOfFuturePlan|0|en|35,JOPT,2025-04-30,NotesListOfNotes,jsc-rep_DisclosureOfFuturePlan,en,"Work is also underway to implement an energy consumption audit system using artificial intelligence, which monitors load behavior and generation sources.",,,,,FALSE,screen_positive,21
JOPT|2025-04-30|NotesListOfNotes|jsc-rep_DisclosureOfFuturePlan|0|ar|12,JOPT,2025-04-30,NotesListOfNotes,jsc-rep_DisclosureOfFuturePlan,ar,كما من المخطط له الاستمرار في زيادة محطات الشحن السريع للمركبات الكهربائية في محطات الشركة وخارجها من خلال تركيبها في مختلف محطات الشركة ومواقع العملاء كالمولات ومواقف المركبات، كما تعمل الشركة حالياً على أتمتة طلبات المحطات من المحروقات من خلال الربط إلكتروني بين الأنظمة، ويجري العمل حالياً على تطبيق نظام تدقيق استهلاك الطاقة باستخدام الذكاء الاصطناعي من خلال مراقبة سلوك الأحمال ومصادر التوليد.,,,,,FALSE,screen_positive,63
JTEL|2025-04-24|NotesListOfNotes|jsc-rep_DisclosureOfCashOnHandAndAtBanks|0|ar|3,JTEL,2025-04-24,NotesListOfNotes,jsc-rep_DisclosureOfCashOnHandAndAtBanks,ar,** حصلت المجموعة على 7 منح (منحتين خلال عام 2020 و منحتين خلال العام 2021 وثلاث منح خلال العام 2024) لتوفير التمويل لتعزيز مبادرات الابتكار الخاصة بشركة الاتصالات الأردنية، بما في ذلك أكاديمية الترميز التابعة للمجموعة والبرامج الأكاديمية الأخرى.,,,,,FALSE,screen_positive,39
JTEL|2025-04-24|NotesListOfNotes|jsc-rep_DisclosureOfRefundableDeposits|0|ar|0,JTEL,2025-04-24,NotesListOfNotes,jsc-rep_DisclosureOfRefundableDeposits,ar,ذمم وأرصدة دائنة أخرى 2023 2024 يتكون هذا البند مما يلي : دينار دينار 81.566.325 75.012.534 الدائنون التجاريون 17.434.231 18.038.240 مصاريف مستحقة 15.547.316 15.103.442 تأمينات المشتركين 9.307.839 11.029.430 مبالغ مستحقة لأطراف ذات علاقة (إيضاح 27) 1.410.369 1.508.569 أمانات المساهمين - ارباح موزعة 983.449 784.071 منح مقيدة * (ايضاح 14) 161.068 143.168 أمانات المساهمين - تخفيض رأس المال 126.410.597 121.619.454 * حصلت المجموعة على 7 منح (منحتين خلال عام 2020 و منحتين خلال العام 2021 وثلاث منح خلال العام 2024 ) لتوفير التمويل لتعزيز مبادرات الابتكار الخاصة بالاتصالات الأردنية ، بما في ذلك أكاديمية الترميز التابعة للمجموعة والبرامج الأكاديمية الأخرى.,,,,,TRUE,screen_positive,99
JTEL|2025-04-24|NotesListOfNotes|jsc-rep_DisclosureOfRefundableDeposits|0|ar|10,JTEL,2025-04-24,NotesListOfNotes,jsc-rep_DisclosureOfRefundableDeposits,ar,منحة الصندوق الأردني للريادة خلال عام 2021 ، وقعت شركة الاتصالات الأردنية اتفاقية منحة مع الصندوق الأردني للريادة ( ISSF ) لتمويل حاضنة الذكاء الاصطناعي ، والتي تعزز دور الشركات الناشئة من خلال بناء المهارات وتطوير المنتجات والوصول إلى الفرص.,,,,,FALSE,screen_positive,40
JTEL|2025-04-24|NotesListOfNotes|jsc-rep_DisclosureTradeAndOtherCurrentPayables|0|ar|0,JTEL,2025-04-24,NotesListOfNotes,jsc-rep_DisclosureTradeAndOtherCurrentPayables,ar,ذمم وأرصدة دائنة أخرى 2023 2024 يتكون هذا البند مما يلي : دينار دينار 81.566.325 75.012.534 الدائنون التجاريون 17.434.231 18.038.240 مصاريف مستحقة 15.547.316 15.103.442 تأمينات المشتركين 9.307.839 11.029.430 مبالغ مستحقة لأطراف ذات علاقة (إيضاح 27) 1.410.369 1.508.569 أمانات المساهمين - ارباح موزعة 983.449 784.071 منح مقيدة * (ايضاح 14) 161.068 143.168 أمانات المساهمين - تخفيض رأس المال 126.410.597 121.619.454 * حصلت المجموعة على 7 منح (منحتين خلال عام 2020 و منحتين خلال العام 2021 وثلاث منح خلال العام 2024 ) لتوفير التمويل لتعزيز مبادرات الابتكار الخاصة بالاتصالات الأردنية ، بما في ذلك أكاديمية الترميز التابعة للمجموعة والبرامج الأكاديمية الأخرى.,,,,,TRUE,screen_positive,99
JTEL|2025-04-24|NotesListOfNotes|jsc-rep_DisclosureTradeAndOtherCurrentPayables|0|ar|10,JTEL,2025-04-24,NotesListOfNotes,jsc-rep_DisclosureTradeAndOtherCurrentPayables,ar,منحة الصندوق الأردني للريادة خلال عام 2021 ، وقعت شركة الاتصالات الأردنية اتفاقية منحة مع الصندوق الأردني للريادة ( ISSF ) لتمويل حاضنة الذكاء الاصطناعي ، والتي تعزز دور الشركات الناشئة من خلال بناء المهارات وتطوير المنتجات والوصول إلى الفرص.,,,,,FALSE,screen_positive,40
JVOI|2024-03-21|DisclosuresDirectorsReport|jsc_DisclosureOfDirectorsReport|0|en|7,JVOI,2024-03-21,DisclosuresDirectorsReport,jsc_DisclosureOfDirectorsReport,en,"The latest versions of ERP systems were purchased from Microsoft, which is a system Microsoft Dynamics 365 Finance & Operations expect to be fully implemented in 2024.",,,,,FALSE,screen_positive,27
JVOI|2024-03-21|DisclosuresDirectorsReport|jsc_DisclosureOfDirectorsReport|0|ar|6,JVOI,2024-03-21,DisclosuresDirectorsReport,jsc_DisclosureOfDirectorsReport,ar,وتم شراء احدث إصدارات أنظمة تخطيط موارد المؤسسات من شركة مايكروسوفت وهو نظــــــــــــــــــام Microsoft Dynamics 365 Finance & Operations ومن المتوقع الانتهاء من تنفيذه وتطبيقه بشكل كامل في منتصف عام 2024.,,,,,FALSE,screen_positive,31
MANE|2022-04-28|DisclosuresAuditorsReport|jsc_AuditorsReportOnFinancialStatements|0|en|94,MANE,2022-04-28,DisclosuresAuditorsReport,jsc_AuditorsReportOnFinancialStatements,en,Segment reporting A business segment is a group of assets and operations engaged in providing products or services that are subject to risks and returns that are different from those of other business segments which are measured based on the reporting to management and the decision makers in the Group.,,,,,FALSE,screen_positive,50
MANE|2022-04-28|DisclosuresAuditorsReport|jsc_AuditorsResponsibilitiesForAuditOfFinancialStatementsExplanatory|0|en|95,MANE,2022-04-28,DisclosuresAuditorsReport,jsc_AuditorsResponsibilitiesForAuditOfFinancialStatementsExplanatory,en,Segment reporting A business segment is a group of assets and operations engaged in providing products or services that are subject to risks and returns that are different from those of other business segments which are measured based on the reporting to management and the decision makers in the Group.,,,,,FALSE,screen_positive,50
MANE|2022-04-28|DisclosuresAuditorsReport|jsc_EmphasisOfMatterExplanatory|0|en|95,MANE,2022-04-28,DisclosuresAuditorsReport,jsc_EmphasisOfMatterExplanatory,en,Segment reporting A business segment is a group of assets and operations engaged in providing products or services that are subject to risks and returns that are different from those of other business segments which are measured based on the reporting to management and the decision makers in the Group.,,,,,FALSE,screen_positive,50
MANE|2022-04-28|DisclosuresAuditorsReport|jsc_KeyAuditMattersExplanatory|0|en|95,MANE,2022-04-28,DisclosuresAuditorsReport,jsc_KeyAuditMattersExplanatory,en,Segment reporting A business segment is a group of assets and operations engaged in providing products or services that are subject to risks and returns that are different from those of other business segments which are measured based on the reporting to management and the decision makers in the Group.,,,,,FALSE,screen_positive,50
MANE|2022-04-28|DisclosuresAuditorsReport|jsc_OtherInformationIncludedInBanksAnnualReportExplanatory|0|en|95,MANE,2022-04-28,DisclosuresAuditorsReport,jsc_OtherInformationIncludedInBanksAnnualReportExplanatory,en,Segment reporting A business segment is a group of assets and operations engaged in providing products or services that are subject to risks and returns that are different from those of other business segments which are measured based on the reporting to management and the decision makers in the Group.,,,,,FALSE,screen_positive,50
MANE|2022-04-28|DisclosuresAuditorsReport|jsc_OtherMattersExplanatory|0|en|95,MANE,2022-04-28,DisclosuresAuditorsReport,jsc_OtherMattersExplanatory,en,Segment reporting A business segment is a group of assets and operations engaged in providing products or services that are subject to risks and returns that are different from those of other business segments which are measured based on the reporting to management and the decision makers in the Group.,,,,,FALSE,screen_positive,50
MANE|2022-04-28|DisclosuresAuditorsReport|jsc_ReportOnOtherLegalAndRegulatoryRequirementsExplanatory|0|en|95,MANE,2022-04-28,DisclosuresAuditorsReport,jsc_ReportOnOtherLegalAndRegulatoryRequirementsExplanatory,en,Segment reporting A business segment is a group of assets and operations engaged in providing products or services that are subject to risks and returns that are different from those of other business segments which are measured based on the reporting to management and the decision makers in the Group.,,,,,FALSE,screen_positive,50
MANE|2022-04-28|DisclosuresAuditorsReport|jsc_ResponsibilitiesOfManagementAndThoseChargedWithGovernanceForFinancialStatementsExplanatory|0|en|95,MANE,2022-04-28,DisclosuresAuditorsReport,jsc_ResponsibilitiesOfManagementAndThoseChargedWithGovernanceForFinancialStatementsExplanatory,en,Segment reporting A business segment is a group of assets and operations engaged in providing products or services that are subject to risks and returns that are different from those of other business segments which are measured based on the reporting to management and the decision makers in the Group.,,,,,FALSE,screen_positive,50
MANE|2022-04-28|NotesListOfNotes|ifrs-full_DisclosureOfAccountingJudgementsAndEstimatesExplanatory|0|en|95,MANE,2022-04-28,NotesListOfNotes,ifrs-full_DisclosureOfAccountingJudgementsAndEstimatesExplanatory,en,Segment reporting A business segment is a group of assets and operations engaged in providing products or services that are subject to risks and returns that are different from those of other business segments which are measured based on the reporting to management and the decision makers in the Group.,,,,,FALSE,screen_positive,50
MANE|2022-04-28|NotesListOfNotes|ifrs-full_DisclosureOfAccruedExpensesAndOtherLiabilitiesExplanatory|0|en|95,MANE,2022-04-28,NotesListOfNotes,ifrs-full_DisclosureOfAccruedExpensesAndOtherLiabilitiesExplanatory,en,Segment reporting A business segment is a group of assets and operations engaged in providing products or services that are subject to risks and returns that are different from those of other business segments which are measured based on the reporting to management and the decision makers in the Group.,,,,,FALSE,screen_positive,50
MANE|2022-04-28|NotesListOfNotes|ifrs-full_DisclosureOfAuditorsRemunerationExplanatory|0|en|95,MANE,2022-04-28,NotesListOfNotes,ifrs-full_DisclosureOfAuditorsRemunerationExplanatory,en,Segment reporting A business segment is a group of assets and operations engaged in providing products or services that are subject to risks and returns that are different from those of other business segments which are measured based on the reporting to management and the decision makers in the Group.,,,,,FALSE,screen_positive,50
MANE|2022-04-28|NotesListOfNotes|ifrs-full_DisclosureOfBasisOfConsolidationExplanatory|0|en|95,MANE,2022-04-28,NotesListOfNotes,ifrs-full_DisclosureOfBasisOfConsolidationExplanatory,en,Segment reporting A business segment is a group of assets and operations engaged in providing products or services that are subject to risks and returns that are different from those of other business segments which are measured based on the reporting to management and the decision makers in the Group.,,,,,FALSE,screen_positive,50
MANE|2022-04-28|NotesListOfNotes|ifrs-full_DisclosureOfBasisOfPreparationOfFinancialStatementsExplanatory|0|en|95,MANE,2022-04-28,NotesListOfNotes,ifrs-full_DisclosureOfBasisOfPreparationOfFinancialStatementsExplanatory,en,Segment reporting A business segment is a group of assets and operations engaged in providing products or services that are subject to risks and returns that are different from those of other business segments which are measured based on the reporting to management and the decision makers in the Group.,,,,,FALSE,screen_positive,50
MANE|2022-04-28|NotesListOfNotes|ifrs-full_DisclosureOfBusinessCombinationsExplanatory|0|en|95,MANE,2022-04-28,NotesListOfNotes,ifrs-full_DisclosureOfBusinessCombinationsExplanatory,en,Segment reporting A business segment is a group of assets and operations engaged in providing products or services that are subject to risks and returns that are different from those of other business segments which are measured based on the reporting to management and the decision makers in the Group.,,,,,FALSE,screen_positive,50
MANE|2022-04-28|NotesListOfNotes|ifrs-full_DisclosureOfCashFlowStatementExplanatory|0|en|95,MANE,2022-04-28,NotesListOfNotes,ifrs-full_DisclosureOfCashFlowStatementExplanatory,en,Segment reporting A business segment is a group of assets and operations engaged in providing products or services that are subject to risks and returns that are different from those of other business segments which are measured based on the reporting to management and the decision makers in the Group.,,,,,FALSE,screen_positive,50
MANE|2022-04-28|NotesListOfNotes|ifrs-full_DisclosureOfCostOfSalesExplanatory|0|en|95,MANE,2022-04-28,NotesListOfNotes,ifrs-full_DisclosureOfCostOfSalesExplanatory,en,Segment reporting A business segment is a group of assets and operations engaged in providing products or services that are subject to risks and returns that are different from those of other business segments which are measured based on the reporting to management and the decision makers in the Group.,,,,,FALSE,screen_positive,50
MANE|2022-04-28|NotesListOfNotes|ifrs-full_DisclosureOfDepreciationAndAmortisationExpenseExplanatory|0|en|95,MANE,2022-04-28,NotesListOfNotes,ifrs-full_DisclosureOfDepreciationAndAmortisationExpenseExplanatory,en,Segment reporting A business segment is a group of assets and operations engaged in providing products or services that are subject to risks and returns that are different from those of other business segments which are measured based on the reporting to management and the decision makers in the Group.,,,,,FALSE,screen_positive,50
MANE|2022-04-28|NotesListOfNotes|ifrs-full_DisclosureOfEarningsPerShareExplanatory|0|en|95,MANE,2022-04-28,NotesListOfNotes,ifrs-full_DisclosureOfEarningsPerShareExplanatory,en,Segment reporting A business segment is a group of assets and operations engaged in providing products or services that are subject to risks and returns that are different from those of other business segments which are measured based on the reporting to management and the decision makers in the Group.,,,,,FALSE,screen_positive,50
MANE|2022-04-28|NotesListOfNotes|ifrs-full_DisclosureOfFinanceCostExplanatory|0|en|95,MANE,2022-04-28,NotesListOfNotes,ifrs-full_DisclosureOfFinanceCostExplanatory,en,Segment reporting A business segment is a group of assets and operations engaged in providing products or services that are subject to risks and returns that are different from those of other business segments which are measured based on the reporting to management and the decision makers in the Group.,,,,,FALSE,screen_positive,50
MANE|2022-04-28|NotesListOfNotes|ifrs-full_DisclosureOfFinanceIncomeExplanatory|0|en|95,MANE,2022-04-28,NotesListOfNotes,ifrs-full_DisclosureOfFinanceIncomeExplanatory,en,Segment reporting A business segment is a group of assets and operations engaged in providing products or services that are subject to risks and returns that are different from those of other business segments which are measured based on the reporting to management and the decision makers in the Group.,,,,,FALSE,screen_positive,50
MANE|2022-04-28|NotesListOfNotes|ifrs-full_DisclosureOfGeneralAndAdministrativeExpenseExplanatory|0|en|95,MANE,2022-04-28,NotesListOfNotes,ifrs-full_DisclosureOfGeneralAndAdministrativeExpenseExplanatory,en,Segment reporting A business segment is a group of assets and operations engaged in providing products or services that are subject to risks and returns that are different from those of other business segments which are measured based on the reporting to management and the decision makers in the Group.,,,,,FALSE,screen_positive,50
MANE|2022-04-28|NotesListOfNotes|ifrs-full_DisclosureOfGeneralInformationAboutFinancialStatementsExplanatory|0|en|95,MANE,2022-04-28,NotesListOfNotes,ifrs-full_DisclosureOfGeneralInformationAboutFinancialStatementsExplanatory,en,Segment reporting A business segment is a group of assets and operations engaged in providing products or services that are subject to risks and returns that are different from those of other business segments which are measured based on the reporting to management and the decision makers in the Group.,,,,,FALSE,screen_positive,50
MANE|2022-04-28|NotesListOfNotes|ifrs-full_DisclosureOfGoingConcernExplanatory|0|en|95,MANE,2022-04-28,NotesListOfNotes,ifrs-full_DisclosureOfGoingConcernExplanatory,en,Segment reporting A business segment is a group of assets and operations engaged in providing products or services that are subject to risks and returns that are different from those of other business segments which are measured based on the reporting to management and the decision makers in the Group.,,,,,FALSE,screen_positive,50
MANE|2022-04-28|NotesListOfNotes|ifrs-full_DisclosureOfImpairmentOfAssetsExplanatory|0|en|95,MANE,2022-04-28,NotesListOfNotes,ifrs-full_DisclosureOfImpairmentOfAssetsExplanatory,en,Segment reporting A business segment is a group of assets and operations engaged in providing products or services that are subject to risks and returns that are different from those of other business segments which are measured based on the reporting to management and the decision makers in the Group.,,,,,FALSE,screen_positive,50
MANE|2022-04-28|NotesListOfNotes|ifrs-full_DisclosureOfIncomeTaxExplanatory|0|en|95,MANE,2022-04-28,NotesListOfNotes,ifrs-full_DisclosureOfIncomeTaxExplanatory,en,Segment reporting A business segment is a group of assets and operations engaged in providing products or services that are subject to risks and returns that are different from those of other business segments which are measured based on the reporting to management and the decision makers in the Group.,,,,,FALSE,screen_positive,50
MANE|2022-04-28|NotesListOfNotes|ifrs-full_DisclosureOfIntangibleAssetsExplanatory|0|en|95,MANE,2022-04-28,NotesListOfNotes,ifrs-full_DisclosureOfIntangibleAssetsExplanatory,en,Segment reporting A business segment is a group of assets and operations engaged in providing products or services that are subject to risks and returns that are different from those of other business segments which are measured based on the reporting to management and the decision makers in the Group.,,,,,FALSE,screen_positive,50
MANE|2022-04-28|NotesListOfNotes|ifrs-full_DisclosureOfInventoriesExplanatory|0|en|95,MANE,2022-04-28,NotesListOfNotes,ifrs-full_DisclosureOfInventoriesExplanatory,en,Segment reporting A business segment is a group of assets and operations engaged in providing products or services that are subject to risks and returns that are different from those of other business segments which are measured based on the reporting to management and the decision makers in the Group.,,,,,FALSE,screen_positive,50
MANE|2022-04-28|NotesListOfNotes|ifrs-full_DisclosureOfIssuedCapitalExplanatory|0|en|95,MANE,2022-04-28,NotesListOfNotes,ifrs-full_DisclosureOfIssuedCapitalExplanatory,en,Segment reporting A business segment is a group of assets and operations engaged in providing products or services that are subject to risks and returns that are different from those of other business segments which are measured based on the reporting to management and the decision makers in the Group.,,,,,FALSE,screen_positive,50
MANE|2022-04-28|NotesListOfNotes|ifrs-full_DisclosureOfLeasesExplanatory|0|en|95,MANE,2022-04-28,NotesListOfNotes,ifrs-full_DisclosureOfLeasesExplanatory,en,Segment reporting A business segment is a group of assets and operations engaged in providing products or services that are subject to risks and returns that are different from those of other business segments which are measured based on the reporting to management and the decision makers in the Group.,,,,,FALSE,screen_positive,50
MANE|2022-04-28|NotesListOfNotes|ifrs-full_DisclosureOfNoncontrollingInterestsExplanatory|0|en|95,MANE,2022-04-28,NotesListOfNotes,ifrs-full_DisclosureOfNoncontrollingInterestsExplanatory,en,Segment reporting A business segment is a group of assets and operations engaged in providing products or services that are subject to risks and returns that are different from those of other business segments which are measured based on the reporting to management and the decision makers in the Group.,,,,,FALSE,screen_positive,50
MANE|2022-04-28|NotesListOfNotes|ifrs-full_DisclosureOfObjectivesPoliciesAndProcessesForManagingCapitalExplanatory|0|en|95,MANE,2022-04-28,NotesListOfNotes,ifrs-full_DisclosureOfObjectivesPoliciesAndProcessesForManagingCapitalExplanatory,en,Segment reporting A business segment is a group of assets and operations engaged in providing products or services that are subject to risks and returns that are different from those of other business segments which are measured based on the reporting to management and the decision makers in the Group.,,,,,FALSE,screen_positive,50
MANE|2022-04-28|NotesListOfNotes|ifrs-full_DisclosureOfOtherCurrentAssetsExplanatory|0|en|95,MANE,2022-04-28,NotesListOfNotes,ifrs-full_DisclosureOfOtherCurrentAssetsExplanatory,en,Segment reporting A business segment is a group of assets and operations engaged in providing products or services that are subject to risks and returns that are different from those of other business segments which are measured based on the reporting to management and the decision makers in the Group.,,,,,FALSE,screen_positive,50
MANE|2022-04-28|NotesListOfNotes|ifrs-full_DisclosureOfOtherCurrentLiabilitiesExplanatory|0|en|95,MANE,2022-04-28,NotesListOfNotes,ifrs-full_DisclosureOfOtherCurrentLiabilitiesExplanatory,en,Segment reporting A business segment is a group of assets and operations engaged in providing products or services that are subject to risks and returns that are different from those of other business segments which are measured based on the reporting to management and the decision makers in the Group.,,,,,FALSE,screen_positive,50
MANE|2022-04-28|NotesListOfNotes|ifrs-full_DisclosureOfOtherNoncurrentAssetsExplanatory|0|en|95,MANE,2022-04-28,NotesListOfNotes,ifrs-full_DisclosureOfOtherNoncurrentAssetsExplanatory,en,Segment reporting A business segment is a group of assets and operations engaged in providing products or services that are subject to risks and returns that are different from those of other business segments which are measured based on the reporting to management and the decision makers in the Group.,,,,,FALSE,screen_positive,50
MANE|2022-04-28|NotesListOfNotes|ifrs-full_DisclosureOfOtherNoncurrentLiabilitiesExplanatory|0|en|95,MANE,2022-04-28,NotesListOfNotes,ifrs-full_DisclosureOfOtherNoncurrentLiabilitiesExplanatory,en,Segment reporting A business segment is a group of assets and operations engaged in providing products or services that are subject to risks and returns that are different from those of other business segments which are measured based on the reporting to management and the decision makers in the Group.,,,,,FALSE,screen_positive,50
MANE|2022-04-28|NotesListOfNotes|ifrs-full_DisclosureOfOtherOperatingIncomeExplanatory|0|en|95,MANE,2022-04-28,NotesListOfNotes,ifrs-full_DisclosureOfOtherOperatingIncomeExplanatory,en,Segment reporting A business segment is a group of assets and operations engaged in providing products or services that are subject to risks and returns that are different from those of other business segments which are measured based on the reporting to management and the decision makers in the Group.,,,,,FALSE,screen_positive,50
MANE|2022-04-28|NotesListOfNotes|ifrs-full_DisclosureOfPrepaymentsAndOtherAssetsExplanatory|0|en|95,MANE,2022-04-28,NotesListOfNotes,ifrs-full_DisclosureOfPrepaymentsAndOtherAssetsExplanatory,en,Segment reporting A business segment is a group of assets and operations engaged in providing products or services that are subject to risks and returns that are different from those of other business segments which are measured based on the reporting to management and the decision makers in the Group.,,,,,FALSE,screen_positive,50
MANE|2022-04-28|NotesListOfNotes|ifrs-full_DisclosureOfPropertyPlantAndEquipmentExplanatory|0|en|95,MANE,2022-04-28,NotesListOfNotes,ifrs-full_DisclosureOfPropertyPlantAndEquipmentExplanatory,en,Segment reporting A business segment is a group of assets and operations engaged in providing products or services that are subject to risks and returns that are different from those of other business segments which are measured based on the reporting to management and the decision makers in the Group.,,,,,FALSE,screen_positive,50
MANE|2022-04-28|NotesListOfNotes|ifrs-full_DisclosureOfRelatedPartyExplanatory|0|en|95,MANE,2022-04-28,NotesListOfNotes,ifrs-full_DisclosureOfRelatedPartyExplanatory,en,Segment reporting A business segment is a group of assets and operations engaged in providing products or services that are subject to risks and returns that are different from those of other business segments which are measured based on the reporting to management and the decision makers in the Group.,,,,,FALSE,screen_positive,50
MANE|2022-04-28|NotesListOfNotes|ifrs-full_DisclosureOfResearchAndDevelopmentExpenseExplanatory|0|en|95,MANE,2022-04-28,NotesListOfNotes,ifrs-full_DisclosureOfResearchAndDevelopmentExpenseExplanatory,en,Segment reporting A business segment is a group of assets and operations engaged in providing products or services that are subject to risks and returns that are different from those of other business segments which are measured based on the reporting to management and the decision makers in the Group.,,,,,FALSE,screen_positive,50
MANE|2022-04-28|NotesListOfNotes|ifrs-full_DisclosureOfRestrictedCashAndCashEquivalentsExplanatory|0|en|95,MANE,2022-04-28,NotesListOfNotes,ifrs-full_DisclosureOfRestrictedCashAndCashEquivalentsExplanatory,en,Segment reporting A business segment is a group of assets and operations engaged in providing products or services that are subject to risks and returns that are different from those of other business segments which are measured based on the reporting to management and the decision makers in the Group.,,,,,FALSE,screen_positive,50
MANE|2022-04-28|NotesListOfNotes|ifrs-full_DisclosureOfRevenueExplanatory|0|en|95,MANE,2022-04-28,NotesListOfNotes,ifrs-full_DisclosureOfRevenueExplanatory,en,Segment reporting A business segment is a group of assets and operations engaged in providing products or services that are subject to risks and returns that are different from those of other business segments which are measured based on the reporting to management and the decision makers in the Group.,,,,,FALSE,screen_positive,50
MANE|2022-04-28|NotesListOfNotes|ifrs-full_DisclosureOfServiceConcessionArrangementsExplanatory|0|en|95,MANE,2022-04-28,NotesListOfNotes,ifrs-full_DisclosureOfServiceConcessionArrangementsExplanatory,en,Segment reporting A business segment is a group of assets and operations engaged in providing products or services that are subject to risks and returns that are different from those of other business segments which are measured based on the reporting to management and the decision makers in the Group.,,,,,FALSE,screen_positive,50
MANE|2022-04-28|NotesListOfNotes|ifrs-full_DisclosureOfSummaryOfSignificantAccountingPoliciesExplanatory|0|en|95,MANE,2022-04-28,NotesListOfNotes,ifrs-full_DisclosureOfSummaryOfSignificantAccountingPoliciesExplanatory,en,Segment reporting A business segment is a group of assets and operations engaged in providing products or services that are subject to risks and returns that are different from those of other business segments which are measured based on the reporting to management and the decision makers in the Group.,,,,,FALSE,screen_positive,50
MANE|2022-04-28|NotesListOfNotes|jsc-rep_DisclosureOfCashOnHandAndAtBanks|0|en|95,MANE,2022-04-28,NotesListOfNotes,jsc-rep_DisclosureOfCashOnHandAndAtBanks,en,Segment reporting A business segment is a group of assets and operations engaged in providing products or services that are subject to risks and returns that are different from those of other business segments which are measured based on the reporting to management and the decision makers in the Group.,,,,,FALSE,screen_positive,50
MANE|2022-04-28|NotesListOfNotes|jsc-rep_DisclosureOfCurrentBorrowings|0|en|95,MANE,2022-04-28,NotesListOfNotes,jsc-rep_DisclosureOfCurrentBorrowings,en,Segment reporting A business segment is a group of assets and operations engaged in providing products or services that are subject to risks and returns that are different from those of other business segments which are measured based on the reporting to management and the decision makers in the Group.,,,,,FALSE,screen_positive,50
MANE|2022-04-28|NotesListOfNotes|jsc-rep_DisclosureOfCurrentProvisions|0|en|95,MANE,2022-04-28,NotesListOfNotes,jsc-rep_DisclosureOfCurrentProvisions,en,Segment reporting A business segment is a group of assets and operations engaged in providing products or services that are subject to risks and returns that are different from those of other business segments which are measured based on the reporting to management and the decision makers in the Group.,,,,,FALSE,screen_positive,50
MANE|2022-04-28|NotesListOfNotes|jsc-rep_DisclosureOfDeferredTaxAssets|0|en|95,MANE,2022-04-28,NotesListOfNotes,jsc-rep_DisclosureOfDeferredTaxAssets,en,Segment reporting A business segment is a group of assets and operations engaged in providing products or services that are subject to risks and returns that are different from those of other business segments which are measured based on the reporting to management and the decision makers in the Group.,,,,,FALSE,screen_positive,50
MANE|2022-04-28|NotesListOfNotes|jsc-rep_DisclosureOfDeferredTaxLiabilities|0|en|95,MANE,2022-04-28,NotesListOfNotes,jsc-rep_DisclosureOfDeferredTaxLiabilities,en,Segment reporting A business segment is a group of assets and operations engaged in providing products or services that are subject to risks and returns that are different from those of other business segments which are measured based on the reporting to management and the decision makers in the Group.,,,,,FALSE,screen_positive,50
MANE|2022-04-28|NotesListOfNotes|jsc-rep_DisclosureOfDueToBanks|0|en|95,MANE,2022-04-28,NotesListOfNotes,jsc-rep_DisclosureOfDueToBanks,en,Segment reporting A business segment is a group of assets and operations engaged in providing products or services that are subject to risks and returns that are different from those of other business segments which are measured based on the reporting to management and the decision makers in the Group.,,,,,FALSE,screen_positive,50
MANE|2022-04-28|NotesListOfNotes|jsc-rep_DisclosureOfFairValueReserve|0|en|95,MANE,2022-04-28,NotesListOfNotes,jsc-rep_DisclosureOfFairValueReserve,en,Segment reporting A business segment is a group of assets and operations engaged in providing products or services that are subject to risks and returns that are different from those of other business segments which are measured based on the reporting to management and the decision makers in the Group.,,,,,FALSE,screen_positive,50
MANE|2022-04-28|NotesListOfNotes|jsc-rep_DisclosureOfFinancialAssetsAtFairValueThroughOtherComprehensiveIncome|0|en|95,MANE,2022-04-28,NotesListOfNotes,jsc-rep_DisclosureOfFinancialAssetsAtFairValueThroughOtherComprehensiveIncome,en,Segment reporting A business segment is a group of assets and operations engaged in providing products or services that are subject to risks and returns that are different from those of other business segments which are measured based on the reporting to management and the decision makers in the Group.,,,,,FALSE,screen_positive,50
MANE|2022-04-28|NotesListOfNotes|jsc-rep_DisclosureOfFinancialAssetsAtFairValueThroughProfitOrLoss|0|en|95,MANE,2022-04-28,NotesListOfNotes,jsc-rep_DisclosureOfFinancialAssetsAtFairValueThroughProfitOrLoss,en,Segment reporting A business segment is a group of assets and operations engaged in providing products or services that are subject to risks and returns that are different from those of other business segments which are measured based on the reporting to management and the decision makers in the Group.,,,,,FALSE,screen_positive,50
MANE|2022-04-28|NotesListOfNotes|jsc-rep_DisclosureOfGrossProfit|0|en|95,MANE,2022-04-28,NotesListOfNotes,jsc-rep_DisclosureOfGrossProfit,en,Segment reporting A business segment is a group of assets and operations engaged in providing products or services that are subject to risks and returns that are different from those of other business segments which are measured based on the reporting to management and the decision makers in the Group.,,,,,FALSE,screen_positive,50
MANE|2022-04-28|NotesListOfNotes|jsc-rep_DisclosureOfIncomeTaxProvision|0|en|95,MANE,2022-04-28,NotesListOfNotes,jsc-rep_DisclosureOfIncomeTaxProvision,en,Segment reporting A business segment is a group of assets and operations engaged in providing products or services that are subject to risks and returns that are different from those of other business segments which are measured based on the reporting to management and the decision makers in the Group.,,,,,FALSE,screen_positive,50
MANE|2022-04-28|NotesListOfNotes|jsc-rep_DisclosureOfInvestmentsInSubsidiariesJointVenturesAndAssociates|0|en|95,MANE,2022-04-28,NotesListOfNotes,jsc-rep_DisclosureOfInvestmentsInSubsidiariesJointVenturesAndAssociates,en,Segment reporting A business segment is a group of assets and operations engaged in providing products or services that are subject to risks and returns that are different from those of other business segments which are measured based on the reporting to management and the decision makers in the Group.,,,,,FALSE,screen_positive,50
MANE|2022-04-28|NotesListOfNotes|jsc-rep_DisclosureOfLawSuits|0|en|95,MANE,2022-04-28,NotesListOfNotes,jsc-rep_DisclosureOfLawSuits,en,Segment reporting A business segment is a group of assets and operations engaged in providing products or services that are subject to risks and returns that are different from those of other business segments which are measured based on the reporting to management and the decision makers in the Group.,,,,,FALSE,screen_positive,50
MANE|2022-04-28|NotesListOfNotes|jsc-rep_DisclosureOfMinistryOfFinanceFundingOfStrategicInventory|0|en|95,MANE,2022-04-28,NotesListOfNotes,jsc-rep_DisclosureOfMinistryOfFinanceFundingOfStrategicInventory,en,Segment reporting A business segment is a group of assets and operations engaged in providing products or services that are subject to risks and returns that are different from those of other business segments which are measured based on the reporting to management and the decision makers in the Group.,,,,,FALSE,screen_positive,50
MANE|2022-04-28|NotesListOfNotes|jsc-rep_DisclosureOfNonCurrentBorrowings|0|en|95,MANE,2022-04-28,NotesListOfNotes,jsc-rep_DisclosureOfNonCurrentBorrowings,en,Segment reporting A business segment is a group of assets and operations engaged in providing products or services that are subject to risks and returns that are different from those of other business segments which are measured based on the reporting to management and the decision makers in the Group.,,,,,FALSE,screen_positive,50
MANE|2022-04-28|NotesListOfNotes|jsc-rep_DisclosureOfNonCurrentProvisions|0|en|95,MANE,2022-04-28,NotesListOfNotes,jsc-rep_DisclosureOfNonCurrentProvisions,en,Segment reporting A business segment is a group of assets and operations engaged in providing products or services that are subject to risks and returns that are different from those of other business segments which are measured based on the reporting to management and the decision makers in the Group.,,,,,FALSE,screen_positive,50
MANE|2022-04-28|NotesListOfNotes|jsc-rep_DisclosureOfOtherExpenses|0|en|95,MANE,2022-04-28,NotesListOfNotes,jsc-rep_DisclosureOfOtherExpenses,en,Segment reporting A business segment is a group of assets and operations engaged in providing products or services that are subject to risks and returns that are different from those of other business segments which are measured based on the reporting to management and the decision makers in the Group.,,,,,FALSE,screen_positive,50
MANE|2022-04-28|NotesListOfNotes|jsc-rep_DisclosureOfOtherRevenue|0|en|95,MANE,2022-04-28,NotesListOfNotes,jsc-rep_DisclosureOfOtherRevenue,en,Segment reporting A business segment is a group of assets and operations engaged in providing products or services that are subject to risks and returns that are different from those of other business segments which are measured based on the reporting to management and the decision makers in the Group.,,,,,FALSE,screen_positive,50
MANE|2022-04-28|NotesListOfNotes|jsc-rep_DisclosureOfProfitsSettlementWithTheGovernment|0|en|95,MANE,2022-04-28,NotesListOfNotes,jsc-rep_DisclosureOfProfitsSettlementWithTheGovernment,en,Segment reporting A business segment is a group of assets and operations engaged in providing products or services that are subject to risks and returns that are different from those of other business segments which are measured based on the reporting to management and the decision makers in the Group.,,,,,FALSE,screen_positive,50
MANE|2022-04-28|NotesListOfNotes|jsc-rep_DisclosureOfProjectsInProgress|0|en|95,MANE,2022-04-28,NotesListOfNotes,jsc-rep_DisclosureOfProjectsInProgress,en,Segment reporting A business segment is a group of assets and operations engaged in providing products or services that are subject to risks and returns that are different from those of other business segments which are measured based on the reporting to management and the decision makers in the Group.,,,,,FALSE,screen_positive,50
MANE|2022-04-28|NotesListOfNotes|jsc-rep_DisclosureOfRetainedEarnings|0|en|95,MANE,2022-04-28,NotesListOfNotes,jsc-rep_DisclosureOfRetainedEarnings,en,Segment reporting A business segment is a group of assets and operations engaged in providing products or services that are subject to risks and returns that are different from those of other business segments which are measured based on the reporting to management and the decision makers in the Group.,,,,,FALSE,screen_positive,50
MANE|2022-04-28|NotesListOfNotes|jsc-rep_DisclosureOfStatutoryReserves|0|en|95,MANE,2022-04-28,NotesListOfNotes,jsc-rep_DisclosureOfStatutoryReserves,en,Segment reporting A business segment is a group of assets and operations engaged in providing products or services that are subject to risks and returns that are different from those of other business segments which are measured based on the reporting to management and the decision makers in the Group.,,,,,FALSE,screen_positive,50
MANE|2022-04-28|NotesListOfNotes|jsc-rep_DisclosureOfStrategicInventory|0|en|95,MANE,2022-04-28,NotesListOfNotes,jsc-rep_DisclosureOfStrategicInventory,en,Segment reporting A business segment is a group of assets and operations engaged in providing products or services that are subject to risks and returns that are different from those of other business segments which are measured based on the reporting to management and the decision makers in the Group.,,,,,FALSE,screen_positive,50
MANE|2022-04-28|NotesListOfNotes|jsc-rep_DisclosureOfTradeAndOtherCurrentPayables|0|en|95,MANE,2022-04-28,NotesListOfNotes,jsc-rep_DisclosureOfTradeAndOtherCurrentPayables,en,Segment reporting A business segment is a group of assets and operations engaged in providing products or services that are subject to risks and returns that are different from those of other business segments which are measured based on the reporting to management and the decision makers in the Group.,,,,,FALSE,screen_positive,50
MANE|2022-04-28|NotesListOfNotes|jsc-rep_DisclosureOfTradeAndOtherCurrentReceivables|0|en|95,MANE,2022-04-28,NotesListOfNotes,jsc-rep_DisclosureOfTradeAndOtherCurrentReceivables,en,Segment reporting A business segment is a group of assets and operations engaged in providing products or services that are subject to risks and returns that are different from those of other business segments which are measured based on the reporting to management and the decision makers in the Group.,,,,,FALSE,screen_positive,50
MANE|2022-04-28|NotesListOfNotes|jsc-rep_DisclosureOfTradeAndOtherNonCurrentPayables|0|en|95,MANE,2022-04-28,NotesListOfNotes,jsc-rep_DisclosureOfTradeAndOtherNonCurrentPayables,en,Segment reporting A business segment is a group of assets and operations engaged in providing products or services that are subject to risks and returns that are different from those of other business segments which are measured based on the reporting to management and the decision makers in the Group.,,,,,FALSE,screen_positive,50
MANE|2022-04-28|NotesListOfNotes|jsc-rep_DisclosureOfTradeAndOtherNonCurrentReceivables|0|en|95,MANE,2022-04-28,NotesListOfNotes,jsc-rep_DisclosureOfTradeAndOtherNonCurrentReceivables,en,Segment reporting A business segment is a group of assets and operations engaged in providing products or services that are subject to risks and returns that are different from those of other business segments which are measured based on the reporting to management and the decision makers in the Group.,,,,,FALSE,screen_positive,50
MANE|2022-04-28|NotesListOfNotes|jsc-rep_DisclosureOfVoluntaryReserves|0|en|95,MANE,2022-04-28,NotesListOfNotes,jsc-rep_DisclosureOfVoluntaryReserves,en,Segment reporting A business segment is a group of assets and operations engaged in providing products or services that are subject to risks and returns that are different from those of other business segments which are measured based on the reporting to management and the decision makers in the Group.,,,,,FALSE,screen_positive,50
ZEIC|2023-02-07|DisclosuresDirectorsReport|jsc_DisclosureOfDirectorsReport|0|en|58,ZEIC,2023-02-07,DisclosuresDirectorsReport,jsc_DisclosureOfDirectorsReport,en,"Second: Activities Held at the University 1. The Faculty of Economics and Administrative Sciences at Zarqa University obtained full AACSB membership on 26/1/2022. 2. Congratulations on the occasion of the birthday of His Majesty the King on 29/1/2022. 3. The British Council honors Dr. Bushra Zalloum, Head of the Architecture Department at the Faculty of Technology Engineering at Zarqa University, on 3/2/2022, in honor of her qualification for the final stage of the British University Graduates Award. 4. Zarqa University renews allegiance to His Majesty the King on 7/2/2022. 5. Zarqa University organizes courses for Public Security employees on 7/2/2022. 6. Zarqa University obtained the British Accreditation Certificate (ASIC) on 17/2/2022. 7. Students of the Faculty of Information Technology at Zarqa University won two awards in artificial intelligence on 13/3/2022. 8. looking into cooperation between Zarqa University and the global QS Foundation on 26/3/2022. 9. The Faculty of Economics at Zarqa University obtained a quality assurance certificate on 25/4/2022. 10.",,,,,FALSE,screen_positive,160
ZEIC|2023-02-07|DisclosuresDirectorsReport|jsc_DisclosureOfDirectorsReport|0|en|71,ZEIC,2023-02-07,DisclosuresDirectorsReport,jsc_DisclosureOfDirectorsReport,en,"The International Engineering Conference on Electricity, Energy and Artificial Intelligence was held at Zarqa University on 6/12/2022.",,,,,FALSE,screen_positive,17
ZEIC|2023-02-07|DisclosuresDirectorsReport|jsc_DisclosureOfDirectorsReport|0|en|72,ZEIC,2023-02-07,DisclosuresDirectorsReport,jsc_DisclosureOfDirectorsReport,en,"Participation in the twenty-third conference of the Association of Colleges of Computers and Information at Al Ain University - United Arab Emirates on 27/11/2022 under the auspices of His Excellency Omar bin Sultan Al Olamaa, Minister of State for Artificial Intelligence, Digital Economy and Remote Work Applications.",,,,,FALSE,screen_positive,47
ZEIC|2023-02-07|DisclosuresDirectorsReport|jsc_DisclosureOfDirectorsReport|0|en|89,ZEIC,2023-02-07,DisclosuresDirectorsReport,jsc_DisclosureOfDirectorsReport,en,"Artificial Intelligence and Robotics Engineering C. University’s Schools and Kindergarten: Among the most important places achieved by the kindergarten and schools of Zarqa University at the level of the Kingdom, the Central Region and the Directorate : o First place and second place at the level of the central region and the directorate in (recitation and hadith competition, creativity competition in Arabic (story and poem), creativity competition in English language (essay and short story), music competition for instrumental and lyrical works, recitation and rhetoric competition, recitation and hadith competition, Reading Challenge competition, Luma Start Competition 2022, and Educational Best Practices, within The Planetarium Project Zarqa University Schools and Kindergarten have engaged their students with activities, and participated in competitions like the following : Participation in the football league held at the level of the Directorate of Education.",,,,,FALSE,screen_positive,137
ZEIC|2023-02-07|DisclosuresDirectorsReport|jsc_DisclosureOfDirectorsReport|0|ar|72,ZEIC,2023-02-07,DisclosuresDirectorsReport,jsc_DisclosureOfDirectorsReport,ar,طلبة كلية تكنولوجيا المعلومات بجامعة الزرقاء يحصدون جائزتين في الذكاء الاصطناعي بتاريخ 13/3/2022.,,,,,FALSE,screen_positive,13
ZEIC|2023-02-07|DisclosuresDirectorsReport|jsc_DisclosureOfDirectorsReport|0|ar|109,ZEIC,2023-02-07,DisclosuresDirectorsReport,jsc_DisclosureOfDirectorsReport,ar,هندسة الذكاء الاصطناعي والروبوتات ج- رياض ومدارس الجامعة : من اهم المراكز التي حققتها رياض ومدارس جامعة الزرقاء على مستوى المملكة وإقليم الوسط والمديرية : المركز الأول والمركز الثاني على مستوى إقليم الوسط والمديرية في (مسابقة التلاوة والحديث ومسابقة الإبداع اللغة العربية (القصة والقصيدة الشعرية ) ومسابقة الإبداع اللغة الإنجليزية (المقالة والقصة القصيرة)، ومسابقة الموسيقى للأعمال الآلية والغنائية، مسابقة الإلقاء والخطابة، ومسابقة التلاوة والحديث الشريف، ومسابقة تحدي القراءة ، ومسابقة لوما ستارت 2022 - الممارسات التعليمية الفضلى، ضمن مشروع القبة الفلكية The Planetarium ومن بعض النشاطات والمبادرات التي اقامتها أو شاركت بها رياض ومدارس جامعة الزرقاء المشاركة في دوري كرة القدم المقامة على مستوى مديرية التربية.,,,,,FALSE,screen_positive,106
ZEIC|2023-02-07|DisclosuresDirectorsReport|jsc_DisclosureOfIssuingCompanysOrganizationalChartNumberOfItsEmployeesAndTheirClassesOfQualificationAndItsPersonnelQualifyingAndTrainingPrograms|0|en|1,ZEIC,2023-02-07,DisclosuresDirectorsReport,jsc_DisclosureOfIssuingCompanysOrganizationalChartNumberOfItsEmployeesAndTheirClassesOfQualificationAndItsPersonnelQualifyingAndTrainingPrograms,en,Secretariat * Consultants are from outside the company Audit and Internal Control Council's Secretariat 9 - B – The Organizational Structure of Zarqa University 202 1 Board of Trustees Consultants Internal Control Unit University President University Council President’s Office Deans’ Council Vices to the President President’s Counselors Secretariat of the Presidency and the Council Deanships Centers and Administrative Departments Dean of the Faculty of Sharea Dean of the Faculty of Arts Director of Public Relations Director of the Library Dean of the Faculty of Science Dean of the Faculty of Economics and Administrative Sciences Director of Financial Affairs Director of Development and Quality Assurance Unit Dean of the Faculty of Educational Sciences Dean of the Faculty of Law Director of Public Relations Director of Outside Projects Unit Dean of the Faculty of Medical Sciences Dean of the Faculty of Nursing Director of General Services Director of Translation Unit Dean of the Faculty of Engineering Technology Dean of the Faculty of Pharmacy Director of Medical Services and Insurance Director of Blended Learning Dean of the Faculty of Art and Design Dean of the Faculty of Mass Media Director of Supplies Director of Business Incubator Unit Dean of the Faculty of Information Technology Dean of Scientific Research Director of Islamic Cultural Center Director of Computer Center Dean of Students’ Affairs Dean of Admission and Registration Director of Continued Learning Center Director of Languages Center Dean of the Faculty of Dentistry Director of Electronic Learning Center Director of Energy Research Center 9 – C - The organizational Structure of Zarqa Technical Intermediate College Board of Trustees Audit and Control Unit Dean of the College Secretariat of the Council Department of Cyber Security and Artificial Intelligence Engineering Department of Digital Media and Animation Art Financial Department Secretariat Department of Architecture and Interior Design Department of Electric Vehicles Maintenance and Renewable Energy Technology College Council Deputy Dean Electric Vehicle Maintenance Artificial Intelligence Engineering Cyber Security Animation Arts Digital Media Renewable energy technology 9 – D - The organizational Structure of Zarqa University Schools and Kindergarten Chairman of Administrative Board General Director Deputy of General Director Supervision Unit Secretariat Archiving Supervision and Training Quality Assurance Registration and Student’s Affairs Financial Dept.,,,,,FALSE,screen_positive,365
JTEL|2025-04-24|DisclosuresAuditorsReport|jsc_AuditorsOpinionBasisExplanatory|0|en|10,JTEL,2025-04-24,DisclosuresAuditorsReport,jsc_AuditorsOpinionBasisExplanatory,en,"Consequently, we considered this to be a key audit matter.",,,,,FALSE,uniform_negative,10
MANE|2022-04-28|NotesListOfNotes|ifrs-full_DisclosureOfRelatedPartyExplanatory|0|en|83,MANE,2022-04-28,NotesListOfNotes,ifrs-full_DisclosureOfRelatedPartyExplanatory,en,Expenses are recognized on an accrual basis.,,,,,FALSE,uniform_negative,7
MANE|2022-04-28|NotesListOfNotes|jsc-rep_DisclosureOfNonCurrentBorrowings|0|en|87,MANE,2022-04-28,NotesListOfNotes,jsc-rep_DisclosureOfNonCurrentBorrowings,en,Current income tax is calculated in accordance with the Income Tax law applicable in the Hashemite Kingdom of Jordan.,,,,,FALSE,uniform_negative,19
ABCO|2025-08-14|NotesIncomeTax|jsc-rep_DisclosureOfTaxStatus|0|en|1,ABCO,2025-08-14,NotesIncomeTax,jsc-rep_DisclosureOfTaxStatus,en,"The Bank has submitted its tax returns for the years 2021, 2022 and 2023 which has not yet been reviewed yet by the Income and Sales Tax Department until the date of the consolidated financial statements.",,,,,FALSE,uniform_negative,36
MANE|2022-04-28|NotesListOfNotes|ifrs-full_DisclosureOfNoncontrollingInterestsExplanatory|0|ar|151,MANE,2022-04-28,NotesListOfNotes,ifrs-full_DisclosureOfNoncontrollingInterestsExplanatory,ar,( 25 ) القيمة العادلة للأدوات المالية تتمثل الأدوات المالية في الموجودات المالية والمطلوبات المالية.,,,,,FALSE,uniform_negative,15
MANE|2022-04-28|NotesListOfNotes|ifrs-full_DisclosureOfOtherNoncurrentAssetsExplanatory|0|en|1,MANE,2022-04-28,NotesListOfNotes,ifrs-full_DisclosureOfOtherNoncurrentAssetsExplanatory,en,"The company has increased its authorized and paid in capital several times over the years to become JD 110,000,000 divided into 110,000,000 shares with a par value of JD 1 per share.",,,,,FALSE,uniform_negative,32
MANE|2022-04-28|NotesListOfNotes|ifrs-full_DisclosureOfPrepaymentsAndOtherAssetsExplanatory|0|en|169,MANE,2022-04-28,NotesListOfNotes,ifrs-full_DisclosureOfPrepaymentsAndOtherAssetsExplanatory,en,(28) Capital Management The primary objective of the Group's capital management is to ensure that it maintains healthy capital ratios in order to support its business and maximize shareholder value.,,,,,FALSE,uniform_negative,30
MANE|2022-04-28|NotesListOfNotes|jsc-rep_DisclosureOfFinancialAssetsAtAmortizedCost|0|ar|90,MANE,2022-04-28,NotesListOfNotes,jsc-rep_DisclosureOfFinancialAssetsAtAmortizedCost,ar,القطاع الجغرافي يرتبط في تقديم منتجات او خدمات في بيئة اقتصادية محددة خاضعة لمخاطر وعوائد تختلف عن تلك المتعلقة بقطاعات عمل في بيئات اقتصادية مختلفة.,,,,,FALSE,uniform_negative,25
