symbol,pub_date,lang,n_words,n_tech_sentences,density_per_10k_words,diversity,n_tier2,commitment_share,ai_ml,big_data,cloud,erp,sar,xbrl
ABCO,2021-04-25,ar,52969,1,0.189,1,0,0.0,0,1,0,0,0,0
ABCO,2021-04-25,en,56059,0,0.0,0,0,0,0,0,0,0,0,0
ABCO,2022-03-30,ar,52602,1,0.19,1,0,0.0,0,1,0,0,0,0
ABCO,2022-03-30,en,74956,6,0.8,2,0,0.0,1,0,0,0,0,4
ABCO,2023-04-05,ar,54388,1,0.184,1,0,0.0,0,1,0,0,0,0
ABCO,2023-04-05,en,73428,6,0.817,2,0,0.0,2,0,0,0,0,4
ABCO,2024-03-30,ar,52026,1,0.192,1,0,0.0,0,1,0,0,0,0
ABCO,2024-03-30,en,57172,5,0.875,2,0,0.0,1,0,0,0,0,4
ABCO,2025-08-14,ar,49278,1,0.203,1,0,0.0,1,0,0,0,0,0
ABCO,2025-08-14,en,53402,8,1.498,3,2,0.25,3,1,0,0,0,4
AEIN,2021-04-28,ar,9437,0,0.0,0,0,0,0,0,0,0,0,0
AEIN,2021-04-28,en,11061,0,0.0,0,0,0,0,0,0,0,0,0
AEIV,2021-05-04,ar,16326,0,0.0,0,0,0,0,0,0,0,0,0
AEIV,2021-05-04,en,16117,0,0.0,0,0,0,0,0,0,0,0,0
AHLI,2021-05-09,ar,55530,1,0.18,1,0,0.0,1,0,0,0,0,0
AHLI,2021-05-09,en,59439,4,0.673,1,2,0.5,3,0,0,0,0,0
AHLI,2022-04-02,ar,69325,2,0.288,1,0,0.0,2,0,0,0,0,0
AHLI,2022-04-02,en,72917,8,1.097,1,3,0.375,6,0,0,0,0,0
AHLI,2023-04-27,ar,60085,2,0.333,2,0,0.0,1,1,0,0,0,0
AHLI,2023-04-27,en,63757,3,0.471,2,2,0.667,2,1,0,0,0,0
AHLI,2024-04-29,ar,63005,4,0.635,2,1,0.25,3,0,1,0,0,0
AHLI,2024-04-29,en,67135,5,0.745,2,1,0.2,3,0,2,0,0,0
AHLI,2025-04-30,ar,59658,8,1.341,2,3,0.375,7,1,0,0,0,0
AHLI,2025-04-30,en,67079,10,1.491,2,4,0.4,8,2,0,0,0,0
AIFE,2022-03-29,ar,10077,0,0.0,0,0,0,0,0,0,0,0,0
AIFE,2022-03-29,en,11892,0,0.0,0,0,0,0,0,0,0,0,0
AIFE,2023-03-29,ar,8656,0,0.0,0,0,0,0,0,0,0,0,0
AIFE,2023-03-29,en,9742,0,0.0,0,0,0,0,0,0,0,0,0
AIFE,2024-03-14,ar,7103,2,2.816,1,0,0.0,2,0,0,0,0,0
AIFE,2024-03-14,en,8455,2,2.365,1,0,0.0,2,0,0,0,0,0
AIFE,2025-03-05,ar,10046,0,0.0,0,0,0,0,0,0,0,0,0
AIFE,2025-03-05,en,11551,0,0.0,0,0,0,0,0,0,0,0,0
AIHO,2021-11-30,ar,10505,0,0.0,0,0,0,0,0,0,0,0,0
AIHO,2021-11-30,en,7926,0,0.0,0,0,0,0,0,0,0,0,0
AIHO,2022-03-20,ar,9351,0,0.0,0,0,0,0,0,0,0,0,0
AIHO,2022-03-20,en,10710,0,0.0,0,0,0,0,0,0,0,0,0
AIHO,2023-03-06,ar,21511,0,0.0,0,0,0,0,0,0,0,0,0
AIHO,2023-03-06,en,24756,0,0.0,0,0,0,0,0,0,0,0,0
AIHO,2024-02-29,ar,12879,0,0.0,0,0,0,0,0,0,0,0,0
AIHO,2024-02-29,en,14900,0,0.0,0,0,0,0,0,0,0,0,0
AIHO,2025-03-17,ar,12496,0,0.0,0,0,0,0,0,0,0,0,0
AIHO,2025-03-17,en,14749,0,0.0,0,0,0,0,0,0,0,0,0
ALFA,2022-04-30,ar,9286,0,0.0,0,0,0,0,0,0,0,0,0
ALFA,2022-04-30,en,11306,0,0.0,0,0,0,0,0,0,0,0,0
ALFA,2023-04-17,ar,9292,0,0.0,0,0,0,0,0,0,0,0,0
ALFA,2023-04-17,en,13032,0,0.0,0,0,0,0,0,0,0,0,0
ALFA,2024-04-17,ar,8747,0,0.0,0,0,0,0,0,0,0,0,0
ALFA,2024-04-17,en,11516,0,0.0,0,0,0,0,0,0,0,0,0
ALFA,2025-05-05,ar,15412,0,0.0,0,0,0,0,0,0,0,0,0
ALFA,2025-05-05,en,16030,0,0.0,0,0,0,0,0,0,0,0,0
AMAD,2021-04-28,ar,5203,0,0.0,0,0,0,0,0,0,0,0,0
AMAD,2021-04-28,en,1049,0,0.0,0,0,0,0,0,0,0,0,0
AMAD,2022-07-31,ar,6536,0,0.0,0,0,0,0,0,0,0,0,0
AMAD,2022-07-31,en,1082,0,0.0,0,0,0,0,0,0,0,0,0
AMAD,2023-03-23,ar,12170,0,0.0,0,0,0,0,0,0,0,0,0
AMAD,2023-03-23,en,2054,0,0.0,0,0,0,0,0,0,0,0,0
AMAD,2024-03-27,ar,11823,0,0.0,0,0,0,0,0,0,0,0,0
AMAD,2024-03-27,en,2017,0,0.0,0,0,0,0,0,0,0,0,0
AMAD,2025-03-25,ar,10366,0,0.0,0,0,0,0,0,0,0,0,0
AMAD,2025-03-25,en,1803,0,0.0,0,0,0,0,0,0,0,0,0
AMAL,2021-04-30,ar,10841,0,0.0,0,0,0,0,0,0,0,0,0
AMAL,2021-04-30,en,11986,0,0.0,0,0,0,0,0,0,0,0,0
AMAL,2022-06-30,ar,14696,0,0.0,0,0,0,0,0,0,0,0,0
AMAL,2022-06-30,en,15759,1,0.635,1,0,0.0,0,0,0,0,0,1
AMAL,2023-04-30,ar,10798,0,0.0,0,0,0,0,0,0,0,0,0
AMAL,2023-04-30,en,11399,1,0.877,1,0,0.0,0,0,0,0,0,1
AMAL,2024-04-29,ar,13384,0,0.0,0,0,0,0,0,0,0,0,0
AMAL,2024-04-29,en,13789,2,1.45,1,1,0.5,0,0,2,0,0,0
AMAL,2025-04-24,ar,14218,0,0.0,0,0,0,0,0,0,0,0,0
AMAL,2025-04-24,en,13762,1,0.727,1,0,0.0,0,0,1,0,0,0
AMWJ,2021-06-14,ar,7278,0,0.0,0,0,0,0,0,0,0,0,0
AMWJ,2021-06-14,en,3069,0,0.0,0,0,0,0,0,0,0,0,0
AMWJ,2022-03-31,ar,9539,0,0.0,0,0,0,0,0,0,0,0,0
AMWJ,2022-03-31,en,5679,0,0.0,0,0,0,0,0,0,0,0,0
APOT,2021-04-27,ar,32659,0,0.0,0,0,0,0,0,0,0,0,0
APOT,2021-04-27,en,34131,0,0.0,0,0,0,0,0,0,0,0,0
APOT,2022-04-27,ar,42894,2,0.466,1,0,0.0,2,0,0,0,0,0
APOT,2022-04-27,en,47974,2,0.417,1,0,0.0,2,0,0,0,0,0
APOT,2023-04-27,ar,36043,0,0.0,0,0,0,0,0,0,0,0,0
APOT,2023-04-27,en,38413,0,0.0,0,0,0,0,0,0,0,0,0
APOT,2024-04-29,ar,31761,2,0.63,1,0,0.0,0,1,0,0,0,0
APOT,2024-04-29,en,35118,2,0.57,1,1,0.5,1,0,0,0,0,0
APOT,2025-04-21,ar,42557,2,0.47,2,0,0.0,1,1,0,0,0,0
APOT,2025-04-21,en,43980,2,0.455,1,1,0.5,1,0,0,0,0,0
AQAR,2022-03-29,ar,8637,0,0.0,0,0,0,0,0,0,0,0,0
AQAR,2022-03-29,en,9952,0,0.0,0,0,0,0,0,0,0,0,0
AQAR,2023-03-19,ar,6999,0,0.0,0,0,0,0,0,0,0,0,0
AQAR,2023-03-19,en,8252,0,0.0,0,0,0,0,0,0,0,0,0
AQAR,2024-03-27,ar,6296,0,0.0,0,0,0,0,0,0,0,0,0
AQAR,2024-03-27,en,7442,0,0.0,0,0,0,0,0,0,0,0,0
AQAR,2025-04-27,ar,9845,0,0.0,0,0,0,0,0,0,0,0,0
AQAR,2025-04-27,en,10590,0,0.0,0,0,0,0,0,0,0,0,0
AQRM,2021-04-28,ar,12811,0,0.0,0,0,0,0,0,0,0,0,0
AQRM,2021-04-28,en,15214,0,0.0,0,0,0,0,0,0,0,0,0
AQRM,2022-03-28,ar,13348,0,0.0,0,0,0,0,0,0,0,0,0
AQRM,2022-03-28,en,15812,0,0.0,0,0,0,0,0,0,0,0,0
AQRM,2023-03-12,ar,13938,0,0.0,0,0,0,0,0,0,0,0,0
AQRM,2023-03-12,en,16295,0,0.0,0,0,0,0,0,0,0,0,0
AQRM,2024-03-06,ar,14171,0,0.0,0,0,0,0,0,0,0,0,0
AQRM,2024-03-06,en,16467,0,0.0,0,0,0,0,0,0,0,0,0
AQRM,2025-02-19,ar,13342,0,0.0,0,0,0,0,0,0,0,0,0
AQRM,2025-02-19,en,15688,0,0.0,0,0,0,0,0,0,0,0,0
ARAS,2021-04-30,ar,26717,0,0.0,0,0,0,0,0,0,0,0,0
ARAS,2021-04-30,en,29806,0,0.0,0,0,0,0,0,0,0,0,0
ARBK,2021-05-20,ar,47782,0,0.0,0,0,0,0,0,0,0,0,0
ARBK,2021-05-20,en,18138,0,0.0,0,0,0,0,0,0,0,0,0
ARBK,2022-04-03,ar,64705,1,0.155,1,0,0.0,1,0,0,0,0,0
ARBK,2022-04-03,en,24604,0,0.0,0,0,0,0,0,0,0,0,0
ARBK,2023-04-30,ar,53007,1,0.189,1,0,0.0,1,0,0,0,0,0
ARBK,2023-04-30,en,22017,0,0.0,0,0,0,0,0,0,0,0,0
ARBK,2024-04-28,ar,56580,5,0.884,2,0,0.0,3,2,0,0,0,0
ARBK,2024-04-28,en,53868,8,1.485,3,2,0.25,5,2,0,0,1,0
ARBK,2025-04-06,ar,58333,13,2.229,2,5,0.385,11,2,0,0,0,0
ARBK,2025-04-06,en,66152,20,3.023,3,13,0.65,13,4,0,0,1,0
ARSI,2021-05-16,ar,10868,0,0.0,0,0,0,0,0,0,0,0,0
ARSI,2021-05-16,en,11638,0,0.0,0,0,0,0,0,0,0,0,0
ASAS,2021-04-29,ar,12996,0,0.0,0,0,0,0,0,0,0,0,0
ASAS,2021-04-29,en,15707,0,0.0,0,0,0,0,0,0,0,0,0
ASAS,2022-04-28,ar,12375,0,0.0,0,0,0,0,0,0,0,0,0
ASAS,2022-04-28,en,14892,0,0.0,0,0,0,0,0,0,0,0,0
ASAS,2023-04-30,ar,11942,0,0.0,0,0,0,0,0,0,0,0,0
ASAS,2023-04-30,en,14221,0,0.0,0,0,0,0,0,0,0,0,0
ASAS,2024-03-31,ar,8210,0,0.0,0,0,0,0,0,0,0,0,0
ASAS,2024-03-31,en,10140,1,0.986,1,0,0.0,0,0,0,1,0,0
ASAS,2025-04-06,ar,13409,0,0.0,0,0,0,0,0,0,0,0,0
ASAS,2025-04-06,en,12590,0,0.0,0,0,0,0,0,0,0,0,0
ASPMM,2024-04-30,ar,4810,0,0.0,0,0,0,0,0,0,0,0,0
ASPMM,2024-04-30,en,1040,0,0.0,0,0,0,0,0,0,0,0,0
ASPMM,2025-04-29,ar,7985,0,0.0,0,0,0,0,0,0,0,0,0
ASPMM,2025-04-29,en,8621,0,0.0,0,0,0,0,0,0,0,0,0
ATTA,2022-04-26,ar,7711,0,0.0,0,0,0,0,0,0,0,0,0
ATTA,2022-04-26,en,8999,0,0.0,0,0,0,0,0,0,0,0,0
ATTA,2023-03-22,ar,14570,0,0.0,0,0,0,0,0,0,0,0,0
ATTA,2023-03-22,en,16835,0,0.0,0,0,0,0,0,0,0,0,0
ATTA,2024-04-21,ar,18085,0,0.0,0,0,0,0,0,0,0,0,0
ATTA,2024-04-21,en,18591,0,0.0,0,0,0,0,0,0,0,0,0
ATTA,2025-04-16,ar,22450,0,0.0,0,0,0,0,0,0,0,0,0
ATTA,2025-04-16,en,19695,0,0.0,0,0,0,0,0,0,0,0,0
BIND,2021-04-30,ar,20070,0,0.0,0,0,0,0,0,0,0,0,0
BIND,2021-04-30,en,23416,0,0.0,0,0,0,0,0,0,0,0,0
BIND,2022-03-31,ar,23203,0,0.0,0,0,0,0,0,0,0,0,0
BIND,2022-03-31,en,25909,0,0.0,0,0,0,0,0,0,0,0,0
BIND,2023-03-31,ar,26872,0,0.0,0,0,0,0,0,0,0,0,0
BIND,2023-03-31,en,31032,0,0.0,0,0,0,0,0,0,0,0,0
BIND,2024-04-01,ar,21856,0,0.0,0,0,0,0,0,0,0,0,0
BIND,2024-04-01,en,23969,0,0.0,0,0,0,0,0,0,0,0,0
BIND,2025-03-27,ar,20033,0,0.0,0,0,0,0,0,0,0,0,0
BIND,2025-03-27,en,21798,0,0.0,0,0,0,0,0,0,0,0,0
BLAD,2021-03-31,ar,20440,0,0.0,0,0,0,0,0,0,0,0,0
BLAD,2021-03-31,en,26832,0,0.0,0,0,0,0,0,0,0,0,0
BLAD,2022-04-28,ar,14024,0,0.0,0,0,0,0,0,0,0,0,0
BLAD,2022-04-28,en,14525,0,0.0,0,0,0,0,0,0,0,0,0
BLAD,2024-04-24,ar,14759,0,0.0,0,0,0,0,0,0,0,0,0
BLAD,2024-04-24,en,16027,0,0.0,0,0,0,0,0,0,0,0,0
BLAD,2025-04-30,ar,15809,0,0.0,0,0,0,0,0,0,0,0,0
BLAD,2025-04-30,en,16814,0,0.0,0,0,0,0,0,0,0,0,0
BOJX,2021-04-30,ar,61422,3,0.488,1,0,0.0,0,3,0,0,0,0
BOJX,2021-04-30,en,64610,5,0.774,2,2,0.4,0,3,2,0,0,0
BOJX,2022-03-31,ar,63527,0,0.0,0,0,0,0,0,0,0,0,0
BOJX,2022-03-31,en,46925,0,0.0,0,0,0,0,0,0,0,0,0
BOJX,2023-03-26,ar,44705,0,0.0,0,0,0,0,0,0,0,0,0
BOJX,2023-03-26,en,46873,1,0.213,1,0,0.0,0,0,0,0,1,0
BOJX,2024-03-28,ar,48642,0,0.0,0,0,0,0,0,0,0,0,0
BOJX,2024-03-28,en,47289,4,0.846,2,2,0.5,2,2,0,0,0,0
CABK,2023-04-27,ar,27913,0,0.0,0,0,0,0,0,0,0,0,0
CABK,2023-04-27,en,18599,0,0.0,0,0,0,0,0,0,0,0,0
CABK,2024-04-08,ar,38238,2,0.523,2,0,0.0,1,1,0,0,0,0
CABK,2024-04-08,en,17855,0,0.0,0,0,0,0,0,0,0,0,0
CABK,2025-04-30,ar,40749,3,0.736,2,1,0.333,1,2,0,0,0,0
CABK,2025-04-30,en,17880,0,0.0,0,0,0,0,0,0,0,0,0
CAPL,2023-03-07,ar,13072,0,0.0,0,0,0,0,0,0,0,0,0
CAPL,2023-03-07,en,15007,0,0.0,0,0,0,0,0,0,0,0,0
CAPL,2024-04-29,ar,34297,3,0.875,1,0,0.0,0,3,0,0,0,0
CAPL,2024-04-29,en,35634,11,3.087,4,2,0.182,5,2,0,2,1,0
CAPL,2025-04-29,ar,37540,2,0.533,1,0,0.0,2,0,0,0,0,0
CAPL,2025-04-29,en,43349,2,0.461,1,1,0.5,2,0,0,0,0,0
CEIG,2025-03-12,ar,12651,0,0.0,0,0,0,0,0,0,0,0,0
CEIG,2025-03-12,en,13828,0,0.0,0,0,0,0,0,0,0,0,0
CICO,2022-04-27,ar,7268,0,0.0,0,0,0,0,0,0,0,0,0
CICO,2022-04-27,en,18227,0,0.0,0,0,0,0,0,0,0,0,0
CICO,2023-04-30,ar,20461,0,0.0,0,0,0,0,0,0,0,0,0
CICO,2023-04-30,en,23658,0,0.0,0,0,0,0,0,0,0,0,0
CICO,2024-04-29,ar,23025,0,0.0,0,0,0,0,0,0,0,0,0
CICO,2024-04-29,en,27519,0,0.0,0,0,0,0,0,0,0,0,0
CICO,2025-05-08,ar,71627,0,0.0,0,0,0,0,0,0,0,0,0
CICO,2025-05-08,en,152246,0,0.0,0,0,0,0,0,0,0,0,0
DERA,2021-04-30,ar,19244,0,0.0,0,0,0,0,0,0,0,0,0
DERA,2021-04-30,en,16638,0,0.0,0,0,0,0,0,0,0,0,0
DERA,2022-04-25,ar,25153,0,0.0,0,0,0,0,0,0,0,0,0
DERA,2022-04-25,en,17988,0,0.0,0,0,0,0,0,0,0,0,0
DERA,2023-04-30,ar,24179,0,0.0,0,0,0,0,0,0,0,0,0
DERA,2023-04-30,en,20091,0,0.0,0,0,0,0,0,0,0,0,0
DERA,2024-04-30,ar,21033,0,0.0,0,0,0,0,0,0,0,0,0
DERA,2024-04-30,en,22048,0,0.0,0,0,0,0,0,0,0,0,0
DERA,2025-07-31,ar,21884,0,0.0,0,0,0,0,0,0,0,0,0
DERA,2025-07-31,en,26751,0,0.0,0,0,0,0,0,0,0,0,0
ENTK,2024-04-17,ar,5285,0,0.0,0,0,0,0,0,0,0,0,0
ENTK,2024-04-17,en,5902,0,0.0,0,0,0,0,0,0,0,0,0
FUTR,2025-04-30,ar,13910,1,0.719,0,0,0.0,0,0,0,0,0,0
FUTR,2025-04-30,en,15371,1,0.651,0,1,1.0,0,0,0,0,0,0
GIGJ,2023-03-31,ar,38982,0,0.0,0,0,0,0,0,0,0,0,0
GIGJ,2023-03-31,en,36711,2,0.545,1,1,0.5,2,0,0,0,0,0
HIPR,2025-04-21,ar,9417,0,0.0,0,0,0,0,0,0,0,0,0
HIPR,2025-04-21,en,9794,0,0.0,0,0,0,0,0,0,0,0,0
HPIC,2021-03-31,ar,15926,0,0.0,0,0,0,0,0,0,0,0,0
HPIC,2021-03-31,en,8934,0,0.0,0,0,0,0,0,0,0,0,0
HPIC,2021-04-01,ar,15926,0,0.0,0,0,0,0,0,0,0,0,0
HPIC,2021-04-01,en,8934,0,0.0,0,0,0,0,0,0,0,0,0
HPIC,2022-03-29,ar,14858,0,0.0,0,0,0,0,0,0,0,0,0
HPIC,2022-03-29,en,16421,1,0.609,0,0,0.0,0,0,0,0,0,0
HPIC,2023-03-29,ar,16648,0,0.0,0,0,0,0,0,0,0,0,0
HPIC,2023-03-29,en,18637,0,0.0,0,0,0,0,0,0,0,0,0
HPIC,2024-03-30,ar,17453,0,0.0,0,0,0,0,0,0,0,0,0
HPIC,2024-03-30,en,19814,1,0.505,0,1,1.0,0,0,0,0,0,0
HPIC,2024-04-28,ar,17453,0,0.0,0,0,0,0,0,0,0,0,0
HPIC,2024-04-28,en,19814,1,0.505,0,1,1.0,0,0,0,0,0,0
HPIC,2025-03-24,ar,17681,0,0.0,0,0,0,0,0,0,0,0,0
HPIC,2025-03-24,en,19932,0,0.0,0,0,0,0,0,0,0,0,0
ICAG,2021-06-06,ar,6556,0,0.0,0,0,0,0,0,0,0,0,0
ICAG,2021-06-06,en,6995,0,0.0,0,0,0,0,0,0,0,0,0
ICAG,2022-04-26,ar,6545,0,0.0,0,0,0,0,0,0,0,0,0
ICAG,2022-04-26,en,6963,0,0.0,0,0,0,0,0,0,0,0,0
ICAG,2023-03-30,ar,4379,0,0.0,0,0,0,0,0,0,0,0,0
ICAG,2023-03-30,en,5269,0,0.0,0,0,0,0,0,0,0,0,0
ICAG,2024-04-03,ar,7977,0,0.0,0,0,0,0,0,0,0,0,0
ICAG,2024-04-03,en,9257,1,1.08,1,0,0.0,1,0,0,0,0,0
ICAG,2025-04-05,ar,8233,0,0.0,0,0,0,0,0,0,0,0,0
ICAG,2025-04-05,en,8444,0,0.0,0,0,0,0,0,0,0,0,0
IHCO,2021-05-06,ar,9814,0,0.0,0,0,0,0,0,0,0,0,0
IHCO,2021-05-06,en,6520,0,0.0,0,0,0,0,0,0,0,0,0
INVB,2021-03-31,ar,30874,1,0.324,1,0,0.0,0,1,0,0,0,0
INVB,2021-03-31,en,20512,0,0.0,0,0,0,0,0,0,0,0,0
INVB,2021-04-28,ar,31169,1,0.321,1,0,0.0,0,1,0,0,0,0
INVB,2021-04-28,en,20642,0,0.0,0,0,0,0,0,0,0,0,0
INVB,2021-05-18,ar,31166,1,0.321,1,0,0.0,0,1,0,0,0,0
INVB,2021-05-18,en,33066,0,0.0,0,0,0,0,0,0,0,0,0
INVB,2023-04-27,ar,34133,4,1.172,1,0,0.0,0,4,0,0,0,0
INVB,2023-04-27,en,41729,0,0.0,0,0,0,0,0,0,0,0,0
INVB,2024-04-29,ar,38012,0,0.0,0,0,0,0,0,0,0,0,0
INVB,2024-04-29,en,43436,0,0.0,0,0,0,0,0,0,0,0,0
INVB,2025-08-18,ar,35579,1,0.281,1,0,0.0,0,1,0,0,0,0
INVB,2025-08-18,en,38279,0,0.0,0,0,0,0,0,0,0,0,0
JCBK,2021-06-10,ar,63926,0,0.0,0,0,0,0,0,0,0,0,0
JCBK,2021-06-10,en,72657,0,0.0,0,0,0,0,0,0,0,0,0
JCBK,2022-03-31,ar,68298,1,0.146,1,0,0.0,0,0,1,0,0,0
JCBK,2022-03-31,en,77899,1,0.128,1,0,0.0,0,0,1,0,0,0
JCBK,2023-03-30,ar,66445,0,0.0,0,0,0,0,0,0,0,0,0
JCBK,2023-03-30,en,77485,0,0.0,0,0,0,0,0,0,0,0,0
JCBK,2024-04-30,ar,69751,0,0.0,0,0,0,0,0,0,0,0,0
JCBK,2024-04-30,en,79868,3,0.376,2,0,0.0,0,0,2,1,0,0
JCBK,2025-04-29,ar,68929,1,0.145,1,1,1.0,1,0,0,0,0,0
JCBK,2025-04-29,en,79907,2,0.25,1,2,1.0,2,0,0,0,0,0
JDFS,2021-06-24,ar,15418,0,0.0,0,0,0,0,0,0,0,0,0
JDFS,2021-06-24,en,17160,0,0.0,0,0,0,0,0,0,0,0,0
JDFS,2022-03-27,ar,17314,0,0.0,0,0,0,0,0,0,0,0,0
JDFS,2022-03-27,en,11074,0,0.0,0,0,0,0,0,0,0,0,0
JDPC,2021-04-30,ar,6580,0,0.0,0,0,0,0,0,0,0,0,0
JDPC,2021-04-30,en,7820,0,0.0,0,0,0,0,0,0,0,0,0
JDPC,2022-04-04,ar,9568,0,0.0,0,0,0,0,0,0,0,0,0
JDPC,2022-04-04,en,10707,0,0.0,0,0,0,0,0,0,0,0,0
JDPC,2023-03-29,ar,8146,0,0.0,0,0,0,0,0,0,0,0,0
JDPC,2023-03-29,en,8922,0,0.0,0,0,0,0,0,0,0,0,0
JDPC,2024-04-01,ar,5749,0,0.0,0,0,0,0,0,0,0,0,0
JDPC,2024-04-01,en,6621,0,0.0,0,0,0,0,0,0,0,0,0
JDPC,2025-04-06,ar,9077,0,0.0,0,0,0,0,0,0,0,0,0
JDPC,2025-04-06,en,10098,0,0.0,0,0,0,0,0,0,0,0,0
JEDI,2021-05-30,ar,7176,0,0.0,0,0,0,0,0,0,0,0,0
JEDI,2021-05-30,en,6895,0,0.0,0,0,0,0,0,0,0,0,0
JEDI,2022-03-17,ar,7986,0,0.0,0,0,0,0,0,0,0,0,0
JEDI,2022-03-17,en,9084,0,0.0,0,0,0,0,0,0,0,0,0
JEDI,2023-03-21,ar,5984,0,0.0,0,0,0,0,0,0,0,0,0
JEDI,2023-03-21,en,7014,0,0.0,0,0,0,0,0,0,0,0,0
JEIH,2022-03-14,ar,12404,0,0.0,0,0,0,0,0,0,0,0,0
JEIH,2022-03-14,en,14823,0,0.0,0,0,0,0,0,0,0,0,0
JEIH,2023-03-21,ar,14391,0,0.0,0,0,0,0,0,0,0,0,0
JEIH,2023-03-21,en,15766,0,0.0,0,0,0,0,0,0,0,0,0
JEIH,2024-04-04,ar,18936,0,0.0,0,0,0,0,0,0,0,0,0
JEIH,2024-04-04,en,21325,0,0.0,0,0,0,0,0,0,0,0,0
JMRC,2021-02-25,ar,9833,0,0.0,0,0,0,0,0,0,0,0,0
JMRC,2021-02-25,en,10867,0,0.0,0,0,0,0,0,0,0,0,0
JMRC,2022-02-15,ar,8657,0,0.0,0,0,0,0,0,0,0,0,0
JMRC,2022-02-15,en,9553,0,0.0,0,0,0,0,0,0,0,0,0
JMRC,2023-02-22,ar,9162,0,0.0,0,0,0,0,0,0,0,0,0
JMRC,2023-02-22,en,10175,0,0.0,0,0,0,0,0,0,0,0,0
JMRC,2024-02-29,ar,9007,0,0.0,0,0,0,0,0,0,0,0,0
JMRC,2024-02-29,en,11971,0,0.0,0,0,0,0,0,0,0,0,0
JMRC,2025-03-02,ar,8853,1,1.13,1,0,0.0,1,0,0,0,0,0
JMRC,2025-03-02,en,9652,1,1.036,1,0,0.0,1,0,0,0,0,0
JODA,2022-03-30,ar,7855,0,0.0,0,0,0,0,0,0,0,0,0
JODA,2022-03-30,en,8774,0,0.0,0,0,0,0,0,0,0,0,0
JODA,2024-04-18,ar,8447,0,0.0,0,0,0,0,0,0,0,0,0
JODA,2024-04-18,en,5074,0,0.0,0,0,0,0,0,0,0,0,0
JODA,2025-04-27,ar,8207,0,0.0,0,0,0,0,0,0,0,0,0
JODA,2025-04-27,en,9077,0,0.0,0,0,0,0,0,0,0,0,0
JOEP,2021-04-25,ar,24055,0,0.0,0,0,0,0,0,0,0,0,0
JOEP,2021-04-25,en,26901,2,0.743,2,1,0.5,0,0,1,1,0,0
JOEP,2022-04-24,ar,26854,2,0.745,1,0,0.0,0,2,0,0,0,0
JOEP,2022-04-24,en,29201,2,0.685,2,1,0.5,0,0,1,1,0,0
JOEP,2023-04-30,ar,25685,1,0.389,1,0,0.0,0,1,0,0,0,0
JOEP,2023-04-30,en,28573,4,1.4,2,1,0.25,0,0,2,2,0,0
JOEP,2024-04-30,ar,26111,0,0.0,0,0,0,0,0,0,0,0,0
JOEP,2024-04-30,en,28948,3,1.036,2,1,0.333,0,0,2,1,0,0
JOEP,2025-04-30,ar,25859,0,0.0,0,0,0,0,0,0,0,0,0
JOEP,2025-04-30,en,28941,6,2.073,2,1,0.167,0,0,5,1,0,0
JOFR,2023-04-27,ar,23969,0,0.0,0,0,0,0,0,0,0,0,0
JOFR,2023-04-27,en,21573,0,0.0,0,0,0,0,0,0,0,0,0
JOIB,2022-04-28,ar,52683,1,0.19,1,0,0.0,0,1,0,0,0,0
JOIB,2022-04-28,en,57586,0,0.0,0,0,0,0,0,0,0,0,0
JOIB,2023-04-30,ar,58092,1,0.172,1,0,0.0,0,1,0,0,0,0
JOIB,2023-04-30,en,63097,0,0.0,0,0,0,0,0,0,0,0,0
JOIB,2024-04-30,ar,62472,1,0.16,1,0,0.0,0,1,0,0,0,0
JOIB,2024-04-30,en,70153,0,0.0,0,0,0,0,0,0,0,0,0
JOIB,2025-05-03,ar,60000,2,0.333,2,0,0.0,1,1,0,0,0,0
JOIB,2025-05-03,en,66902,2,0.299,1,0,0.0,2,0,0,0,0,0
JOIN,2021-04-05,ar,24761,0,0.0,0,0,0,0,0,0,0,0,0
JOIN,2021-04-05,en,26013,0,0.0,0,0,0,0,0,0,0,0,0
JOIR,2021-04-30,ar,9009,0,0.0,0,0,0,0,0,0,0,0,0
JOIR,2021-04-30,en,11506,0,0.0,0,0,0,0,0,0,0,0,0
JOIR,2022-03-30,ar,7348,0,0.0,0,0,0,0,0,0,0,0,0
JOIR,2022-03-30,en,8670,0,0.0,0,0,0,0,0,0,0,0,0
JOIR,2023-03-31,ar,8481,0,0.0,0,0,0,0,0,0,0,0,0
JOIR,2023-03-31,en,9417,0,0.0,0,0,0,0,0,0,0,0,0
JOIT,2021-05-05,ar,17390,0,0.0,0,0,0,0,0,0,0,0,0
JOIT,2021-05-05,en,8341,0,0.0,0,0,0,0,0,0,0,0,0
JOKB,2025-04-17,ar,61188,5,0.817,2,1,0.2,4,1,0,0,0,0
JOKB,2025-04-17,en,69071,7,1.013,2,3,0.429,6,1,0,0,0,0
JOPH,2022-04-26,ar,38271,0,0.0,0,0,0,0,0,0,0,0,0
JOPH,2022-04-26,en,41448,0,0.0,0,0,0,0,0,0,0,0,0
JOPH,2023-05-04,ar,45183,0,0.0,0,0,0,0,0,0,0,0,0
JOPH,2023-05-04,en,51211,0,0.0,0,0,0,0,0,0,0,0,0
JOPH,2024-05-06,ar,53880,0,0.0,0,0,0,0,0,0,0,0,0
JOPH,2024-05-06,en,59645,0,0.0,0,0,0,0,0,0,0,0,0
JOPH,2025-04-22,ar,50230,2,0.398,1,0,0.0,2,0,0,0,0,0
JOPH,2025-04-22,en,49439,1,0.202,1,0,0.0,1,0,0,0,0,0
JOPT,2021-06-16,ar,65515,0,0.0,0,0,0,0,0,0,0,0,0
JOPT,2021-06-16,en,75595,0,0.0,0,0,0,0,0,0,0,0,0
JOPT,2022-04-21,ar,107762,0,0.0,0,0,0,0,0,0,0,0,0
JOPT,2022-04-21,en,124234,0,0.0,0,0,0,0,0,0,0,0,0
JOPT,2023-04-30,ar,110114,0,0.0,0,0,0,0,0,0,0,0,0
JOPT,2023-04-30,en,129056,0,0.0,0,0,0,0,0,0,0,0,0
JOPT,2024-04-30,ar,82954,0,0.0,0,0,0,0,0,0,0,0,0
JOPT,2024-04-30,en,98632,0,0.0,0,0,0,0,0,0,0,0,0
JOPT,2025-04-30,ar,86932,1,0.115,1,1,1.0,1,0,0,0,0,0
JOPT,2025-04-30,en,103893,1,0.096,1,1,1.0,1,0,0,0,0,0
JOST,2024-04-18,ar,10688,0,0.0,0,0,0,0,0,0,0,0,0
JOST,2024-04-18,en,9350,0,0.0,0,0,0,0,0,0,0,0,0
JOTF,2021-04-28,ar,25106,0,0.0,0,0,0,0,0,0,0,0,0
JOTF,2021-04-28,en,27805,0,0.0,0,0,0,0,0,0,0,0,0
JOTF,2022-03-27,ar,33075,1,0.302,1,0,0.0,0,1,0,0,0,0
JOTF,2022-03-27,en,36239,0,0.0,0,0,0,0,0,0,0,0,0
JOTF,2023-03-27,ar,27349,1,0.366,1,0,0.0,0,1,0,0,0,0
JOTF,2023-03-27,en,30898,0,0.0,0,0,0,0,0,0,0,0,0
JOTF,2024-03-21,ar,21206,0,0.0,0,0,0,0,0,0,0,0,0
JOTF,2024-03-21,en,23332,0,0.0,0,0,0,0,0,0,0,0,0
JOTF,2025-03-16,ar,22626,0,0.0,0,0,0,0,0,0,0,0,0
JOTF,2025-03-16,en,24870,0,0.0,0,0,0,0,0,0,0,0,0
JOWM,2021-05-30,ar,21811,0,0.0,0,0,0,0,0,0,0,0,0
JOWM,2021-05-30,en,23318,0,0.0,0,0,0,0,0,0,0,0,0
JOWM,2022-03-29,ar,23306,0,0.0,0,0,0,0,0,0,0,0,0
JOWM,2022-03-29,en,25341,0,0.0,0,0,0,0,0,0,0,0,0
JOWM,2023-03-15,ar,22692,0,0.0,0,0,0,0,0,0,0,0,0
JOWM,2023-03-15,en,25004,0,0.0,0,0,0,0,0,0,0,0,0
JOWM,2024-02-28,ar,23097,0,0.0,0,0,0,0,0,0,0,0,0
JOWM,2024-02-28,en,25777,0,0.0,0,0,0,0,0,0,0,0,0
JOWM,2025-02-20,ar,19970,0,0.0,0,0,0,0,0,0,0,0,0
JOWM,2025-02-20,en,22446,0,0.0,0,0,0,0,0,0,0,0,0
JTEL,2021-04-29,ar,32042,0,0.0,0,0,0,0,0,0,0,0,0
JTEL,2021-04-29,en,34208,0,0.0,0,0,0,0,0,0,0,0,0
JTEL,2022-04-27,ar,53793,3,0.558,1,0,0.0,3,0,0,0,0,0
JTEL,2022-04-27,en,57266,2,0.349,1,0,0.0,1,0,0,0,0,0
JTEL,2023-04-27,ar,49541,2,0.404,1,0,0.0,2,0,0,0,0,0
JTEL,2023-04-27,en,52803,1,0.189,1,0,0.0,0,0,0,0,0,1
JTEL,2024-04-25,ar,51177,3,0.586,2,0,0.0,2,0,1,0,0,0
JTEL,2024-04-25,en,51012,4,0.784,2,1,0.25,2,0,0,0,0,1
JTEL,2025-04-24,ar,46437,6,1.292,2,0,0.0,4,0,2,0,0,0
JTEL,2025-04-24,en,51398,2,0.389,1,0,0.0,0,0,1,0,0,0
JVOI,2021-03-28,ar,13260,0,0.0,0,0,0,0,0,0,0,0,0
JVOI,2021-03-28,en,14334,0,0.0,0,0,0,0,0,0,0,0,0
JVOI,2022-03-15,ar,16926,0,0.0,0,0,0,0,0,0,0,0,0
JVOI,2022-03-15,en,18210,0,0.0,0,0,0,0,0,0,0,0,0
JVOI,2023-02-21,ar,16971,0,0.0,0,0,0,0,0,0,0,0,0
JVOI,2023-02-21,en,18507,0,0.0,0,0,0,0,0,0,0,0,0
JVOI,2024-03-21,ar,17703,0,0.0,0,0,0,0,0,0,0,0,0
JVOI,2024-03-21,en,18894,2,1.059,1,0,0.0,0,0,0,2,0,0
JVOI,2025-03-12,ar,17030,0,0.0,0,0,0,0,0,0,0,0,0
JVOI,2025-03-12,en,18517,1,0.54,1,0,0.0,0,0,0,1,0,0
KAFA,2025-04-21,ar,8180,0,0.0,0,0,0,0,0,0,0,0,0
KAFA,2025-04-21,en,8112,0,0.0,0,0,0,0,0,0,0,0,0
LEAS,2022-03-30,ar,16669,0,0.0,0,0,0,0,0,0,0,0,0
LEAS,2022-03-30,en,18330,0,0.0,0,0,0,0,0,0,0,0,0
LEAS,2023-04-27,ar,9255,0,0.0,0,0,0,0,0,0,0,0,0
LEAS,2023-04-27,en,10445,0,0.0,0,0,0,0,0,0,0,0,0
LEAS,2024-04-22,ar,8939,0,0.0,0,0,0,0,0,0,0,0,0
LEAS,2024-04-22,en,10126,0,0.0,0,0,0,0,0,0,0,0,0
LEAS,2025-04-06,ar,9042,0,0.0,0,0,0,0,0,0,0,0,0
LEAS,2025-04-06,en,10252,0,0.0,0,0,0,0,0,0,0,0,0
LEIN,2023-03-27,ar,10322,0,0.0,0,0,0,0,0,0,0,0,0
LEIN,2023-03-27,en,11766,0,0.0,0,0,0,0,0,0,0,0,0
LEIN,2024-03-06,ar,9174,0,0.0,0,0,0,0,0,0,0,0,0
LEIN,2024-03-06,en,10464,0,0.0,0,0,0,0,0,0,0,0,0
LEIN,2025-03-09,ar,8036,0,0.0,0,0,0,0,0,0,0,0,0
LEIN,2025-03-09,en,9186,0,0.0,0,0,0,0,0,0,0,0,0
MALL,2021-06-14,ar,10628,0,0.0,0,0,0,0,0,0,0,0,0
MALL,2021-06-14,en,12973,0,0.0,0,0,0,0,0,0,0,0,0
MALL,2022-03-20,ar,11838,0,0.0,0,0,0,0,0,0,0,0,0
MALL,2022-03-20,en,12383,0,0.0,0,0,0,0,0,0,0,0,0
MALL,2023-03-07,ar,11413,0,0.0,0,0,0,0,0,0,0,0,0
MALL,2023-03-07,en,12988,0,0.0,0,0,0,0,0,0,0,0,0
MALL,2024-02-26,ar,15924,0,0.0,0,0,0,0,0,0,0,0,0
MALL,2024-02-26,en,18980,0,0.0,0,0,0,0,0,0,0,0,0
MALL,2025-02-25,ar,10928,0,0.0,0,0,0,0,0,0,0,0,0
MALL,2025-02-25,en,13265,0,0.0,0,0,0,0,0,0,0,0,0
MANE,2021-04-28,ar,20087,0,0.0,0,0,0,0,0,0,0,0,0
MANE,2021-04-28,en,16297,0,0.0,0,0,0,0,0,0,0,0,0
MANE,2022-04-28,ar,579161,0,0.0,0,0,0,0,0,0,0,0,0
MANE,2022-04-28,en,781068,0,0.0,0,0,0,0,0,0,0,0,0
MANE,2024-04-18,ar,11710,0,0.0,0,0,0,0,0,0,0,0,0
MANE,2024-04-18,en,9503,0,0.0,0,0,0,0,0,0,0,0,0
MANE,2025-04-30,ar,6902,0,0.0,0,0,0,0,0,0,0,0,0
MANE,2025-04-30,en,6617,0,0.0,0,0,0,0,0,0,0,0,0
MHFZ,2022-03-28,ar,9354,0,0.0,0,0,0,0,0,0,0,0,0
MHFZ,2022-03-28,en,9655,0,0.0,0,0,0,0,0,0,0,0,0
MHFZ,2023-03-19,ar,8224,0,0.0,0,0,0,0,0,0,0,0,0
MHFZ,2023-03-19,en,10333,0,0.0,0,0,0,0,0,0,0,0,0
MHFZ,2024-03-28,ar,7891,0,0.0,0,0,0,0,0,0,0,0,0
MHFZ,2024-03-28,en,10184,0,0.0,0,0,0,0,0,0,0,0,0
MHFZ,2025-04-23,ar,12468,0,0.0,0,0,0,0,0,0,0,0,0
MHFZ,2025-04-23,en,13358,0,0.0,0,0,0,0,0,0,0,0,0
MSFT,2021-03-31,ar,10803,0,0.0,0,0,0,0,0,0,0,0,0
MSFT,2021-03-31,en,11225,0,0.0,0,0,0,0,0,0,0,0,0
MSFT,2022-03-29,ar,11239,0,0.0,0,0,0,0,0,0,0,0,0
MSFT,2022-03-29,en,12131,0,0.0,0,0,0,0,0,0,0,0,0
MSFT,2023-03-30,ar,12136,0,0.0,0,0,0,0,0,0,0,0,0
MSFT,2023-03-30,en,13006,0,0.0,0,0,0,0,0,0,0,0,0
MSFT,2024-03-31,ar,11286,0,0.0,0,0,0,0,0,0,0,0,0
MSFT,2024-03-31,en,12250,0,0.0,0,0,0,0,0,0,0,0,0
MSFT,2025-03-18,ar,11329,0,0.0,0,0,0,0,0,0,0,0,0
MSFT,2025-03-18,en,12042,0,0.0,0,0,0,0,0,0,0,0,0
NAAI,2023-03-31,ar,31412,0,0.0,0,0,0,0,0,0,0,0,0
NAAI,2023-03-31,en,34704,0,0.0,0,0,0,0,0,0,0,0,0
NAST,2021-03-16,ar,8788,0,0.0,0,0,0,0,0,0,0,0,0
NAST,2021-03-16,en,9744,1,1.026,1,0,0.0,0,0,0,0,0,1
NAST,2022-03-08,ar,6761,0,0.0,0,0,0,0,0,0,0,0,0
NAST,2022-03-08,en,7589,0,0.0,0,0,0,0,0,0,0,0,0
NAST,2023-02-21,ar,8124,0,0.0,0,0,0,0,0,0,0,0,0
NAST,2023-02-21,en,9867,0,0.0,0,0,0,0,0,0,0,0,0
NAST,2024-03-10,ar,9125,0,0.0,0,0,0,0,0,0,0,0,0
NAST,2024-03-10,en,11176,0,0.0,0,0,0,0,0,0,0,0,0
NAST,2025-02-27,ar,8391,0,0.0,0,0,0,0,0,0,0,0,0
NAST,2025-02-27,en,10529,0,0.0,0,0,0,0,0,0,0,0,0
NATA,2022-03-21,ar,15866,0,0.0,0,0,0,0,0,0,0,0,0
NATA,2022-03-21,en,18169,0,0.0,0,0,0,0,0,0,0,0,0
NATA,2023-04-17,ar,7763,0,0.0,0,0,0,0,0,0,0,0,0
NATA,2023-04-17,en,9185,0,0.0,0,0,0,0,0,0,0,0,0
NATA,2024-04-28,ar,9413,0,0.0,0,0,0,0,0,0,0,0,0
NATA,2024-04-28,en,10862,0,0.0,0,0,0,0,0,0,0,0,0
NATA,2025-03-26,ar,9520,0,0.0,0,0,0,0,0,0,0,0,0
NATA,2025-03-26,en,11391,0,0.0,0,0,0,0,0,0,0,0,0
NATC,2021-03-15,ar,15578,0,0.0,0,0,0,0,0,0,0,0,0
NATC,2021-03-15,en,18301,0,0.0,0,0,0,0,0,0,0,0,0
NATP,2022-05-15,ar,1957,0,0.0,0,0,0,0,0,0,0,0,0
NATP,2022-05-15,en,2018,0,0.0,0,0,0,0,0,0,0,0,0
NCMD,2022-03-28,ar,10024,0,0.0,0,0,0,0,0,0,0,0,0
NCMD,2022-03-28,en,11086,0,0.0,0,0,0,0,0,0,0,0,0
NCMD,2023-03-26,ar,10806,0,0.0,0,0,0,0,0,0,0,0,0
NCMD,2023-03-26,en,12551,0,0.0,0,0,0,0,0,0,0,0,0
NCMD,2024-03-10,ar,15034,0,0.0,0,0,0,0,0,0,0,0,0
NCMD,2024-03-10,en,17946,0,0.0,0,0,0,0,0,0,0,0,0
NCMD,2025-02-24,ar,10852,0,0.0,0,0,0,0,0,0,0,0,0
NCMD,2025-02-24,en,12544,0,0.0,0,0,0,0,0,0,0,0,0
NDAR,2021-04-15,ar,20156,0,0.0,0,0,0,0,0,0,0,0,0
NDAR,2021-04-15,en,22734,0,0.0,0,0,0,0,0,0,0,0,0
NDAR,2022-03-31,ar,17279,0,0.0,0,0,0,0,0,0,0,0,0
NDAR,2022-03-31,en,19418,0,0.0,0,0,0,0,0,0,0,0,0
NDAR,2023-03-30,ar,17727,0,0.0,0,0,0,0,0,0,0,0,0
NDAR,2023-03-30,en,20588,0,0.0,0,0,0,0,0,0,0,0,0
NDAR,2024-03-31,ar,12223,1,0.818,1,0,0.0,1,0,0,0,0,0
NDAR,2024-03-31,en,13992,0,0.0,0,0,0,0,0,0,0,0,0
NDAR,2025-04-28,ar,14634,0,0.0,0,0,0,0,0,0,0,0,0
NDAR,2025-04-28,en,16793,0,0.0,0,0,0,0,0,0,0,0,0
NOTI,2025-04-30,ar,5162,0,0.0,0,0,0,0,0,0,0,0,0
NOTI,2025-04-30,en,5510,0,0.0,0,0,0,0,0,0,0,0,0
PHIL,2021-06-07,ar,17356,0,0.0,0,0,0,0,0,0,0,0,0
PHIL,2021-06-07,en,11087,0,0.0,0,0,0,0,0,0,0,0,0
PHIL,2021-06-10,ar,17734,0,0.0,0,0,0,0,0,0,0,0,0
PHIL,2021-06-10,en,11569,0,0.0,0,0,0,0,0,0,0,0,0
PROF,2022-02-22,ar,10684,0,0.0,0,0,0,0,0,0,0,0,0
PROF,2022-02-22,en,12357,0,0.0,0,0,0,0,0,0,0,0,0
PROF,2022-04-05,ar,10084,0,0.0,0,0,0,0,0,0,0,0,0
PROF,2022-04-05,en,10848,0,0.0,0,0,0,0,0,0,0,0,0
PROF,2023-03-19,ar,9984,0,0.0,0,0,0,0,0,0,0,0,0
PROF,2023-03-19,en,12210,0,0.0,0,0,0,0,0,0,0,0,0
PROF,2024-04-18,ar,10597,0,0.0,0,0,0,0,0,0,0,0,0
PROF,2024-04-18,en,11876,0,0.0,0,0,0,0,0,0,0,0,0
PROF,2025-04-27,ar,14407,0,0.0,0,0,0,0,0,0,0,0,0
PROF,2025-04-27,en,15007,0,0.0,0,0,0,0,0,0,0,0,0
REDV,2021-04-01,ar,6297,0,0.0,0,0,0,0,0,0,0,0,0
REDV,2021-04-01,en,7271,0,0.0,0,0,0,0,0,0,0,0,0
REDV,2022-03-26,ar,7706,0,0.0,0,0,0,0,0,0,0,0,0
REDV,2022-03-26,en,8345,0,0.0,0,0,0,0,0,0,0,0,0
REDV,2023-03-28,ar,8404,0,0.0,0,0,0,0,0,0,0,0,0
REDV,2023-03-28,en,9408,0,0.0,0,0,0,0,0,0,0,0,0
REDV,2024-03-04,ar,8428,0,0.0,0,0,0,0,0,0,0,0,0
REDV,2024-03-04,en,9464,0,0.0,0,0,0,0,0,0,0,0,0
REDV,2024-03-12,ar,8431,0,0.0,0,0,0,0,0,0,0,0,0
REDV,2024-03-12,en,9475,0,0.0,0,0,0,0,0,0,0,0,0
REDV,2025-03-10,ar,8001,0,0.0,0,0,0,0,0,0,0,0,0
REDV,2025-03-10,en,8895,0,0.0,0,0,0,0,0,0,0,0,0
RICS,2022-03-13,ar,13852,0,0.0,0,0,0,0,0,0,0,0,0
RICS,2022-03-13,en,12250,0,0.0,0,0,0,0,0,0,0,0,0
RICS,2024-03-21,ar,12122,0,0.0,0,0,0,0,0,0,0,0,0
RICS,2024-03-21,en,13870,0,0.0,0,0,0,0,0,0,0,0,0
RICS,2025-03-20,ar,15229,0,0.0,0,0,0,0,0,0,0,0,0
RICS,2025-03-20,en,17214,0,0.0,0,0,0,0,0,0,0,0,0
RMCC,2021-05-18,ar,12555,0,0.0,0,0,0,0,0,0,0,0,0
RMCC,2021-05-18,en,14900,0,0.0,0,0,0,0,0,0,0,0,0
RMCC,2022-03-30,ar,15149,0,0.0,0,0,0,0,0,0,0,0,0
RMCC,2022-03-30,en,16810,0,0.0,0,0,0,0,0,0,0,0,0
RMCC,2023-03-06,ar,10867,0,0.0,0,0,0,0,0,0,0,0,0
RMCC,2023-03-06,en,11972,0,0.0,0,0,0,0,0,0,0,0,0
RMCC,2024-03-28,ar,4976,0,0.0,0,0,0,0,0,0,0,0,0
RMCC,2024-03-28,en,6055,0,0.0,0,0,0,0,0,0,0,0,0
RMCC,2025-03-24,ar,5917,0,0.0,0,0,0,0,0,0,0,0,0
RMCC,2025-03-24,en,7195,1,1.39,1,0,0.0,0,0,0,1,0,0
RUMI,2021-04-29,ar,6205,0,0.0,0,0,0,0,0,0,0,0,0
RUMI,2021-04-29,en,6137,0,0.0,0,0,0,0,0,0,0,0,0
SABK,2021-05-18,ar,13435,0,0.0,0,0,0,0,0,0,0,0,0
SABK,2021-05-18,en,11115,0,0.0,0,0,0,0,0,0,0,0,0
SABK,2022-03-27,ar,12924,0,0.0,0,0,0,0,0,0,0,0,0
SABK,2022-03-27,en,11027,0,0.0,0,0,0,0,0,0,0,0,0
SABK,2023-04-16,ar,16602,0,0.0,0,0,0,0,0,0,0,0,0
SABK,2023-04-16,en,15822,0,0.0,0,0,0,0,0,0,0,0,0
SABK,2024-03-19,ar,11681,0,0.0,0,0,0,0,0,0,0,0,0
SABK,2024-03-19,en,9722,0,0.0,0,0,0,0,0,0,0,0,0
SABK,2025-04-24,ar,12231,0,0.0,0,0,0,0,0,0,0,0,0
SABK,2025-04-24,en,10393,0,0.0,0,0,0,0,0,0,0,0,0
SGBJ,2021-05-03,ar,38351,1,0.261,1,0,0.0,0,1,0,0,0,0
SGBJ,2021-05-03,en,43497,0,0.0,0,0,0,0,0,0,0,0,0
SGBJ,2022-04-27,ar,35910,1,0.278,1,0,0.0,0,1,0,0,0,0
SGBJ,2022-04-27,en,39256,1,0.255,1,0,0.0,1,0,0,0,0,0
SHRA,2022-04-21,ar,9537,0,0.0,0,0,0,0,0,0,0,0,0
SHRA,2022-04-21,en,6179,0,0.0,0,0,0,0,0,0,0,0,0
SHRA,2023-04-30,ar,5676,0,0.0,0,0,0,0,0,0,0,0,0
SHRA,2023-04-30,en,1490,0,0.0,0,0,0,0,0,0,0,0,0
SHRA,2024-04-25,ar,8638,0,0.0,0,0,0,0,0,0,0,0,0
SHRA,2024-04-25,en,4614,0,0.0,0,0,0,0,0,0,0,0,0
SHRA,2025-04-29,ar,13231,0,0.0,0,0,0,0,0,0,0,0,0
SHRA,2025-04-29,en,8195,0,0.0,0,0,0,0,0,0,0,0,0
SITT,2021-04-30,ar,20844,0,0.0,0,0,0,0,0,0,0,0,0
SITT,2021-04-30,en,15088,0,0.0,0,0,0,0,0,0,0,0,0
SITT,2022-04-28,ar,20822,0,0.0,0,0,0,0,0,0,0,0,0
SITT,2022-04-28,en,5768,0,0.0,0,0,0,0,0,0,0,0,0
SITT,2023-04-18,ar,10878,0,0.0,0,0,0,0,0,0,0,0,0
SITT,2023-04-18,en,3870,0,0.0,0,0,0,0,0,0,0,0,0
SITT,2024-04-29,ar,11674,0,0.0,0,0,0,0,0,0,0,0,0
SITT,2024-04-29,en,3651,0,0.0,0,0,0,0,0,0,0,0,0
SITT,2025-04-27,ar,17319,0,0.0,0,0,0,0,0,0,0,0,0
SITT,2025-04-27,en,10276,0,0.0,0,0,0,0,0,0,0,0,0
SPIC,2023-04-26,ar,7693,0,0.0,0,0,0,0,0,0,0,0,0
SPIC,2023-04-26,en,3084,0,0.0,0,0,0,0,0,0,0,0,0
SPTI,2021-03-25,ar,9158,0,0.0,0,0,0,0,0,0,0,0,0
SPTI,2021-03-25,en,6721,0,0.0,0,0,0,0,0,0,0,0,0
SPTI,2022-03-30,ar,9713,0,0.0,0,0,0,0,0,0,0,0,0
SPTI,2022-03-30,en,10913,0,0.0,0,0,0,0,0,0,0,0,0
SPTI,2023-03-05,ar,9052,0,0.0,0,0,0,0,0,0,0,0,0
SPTI,2023-03-05,en,9988,0,0.0,0,0,0,0,0,0,0,0,0
SPTI,2024-03-07,ar,10190,0,0.0,0,0,0,0,0,0,0,0,0
SPTI,2024-03-07,en,11340,0,0.0,0,0,0,0,0,0,0,0,0
SPTI,2025-03-19,ar,9174,0,0.0,0,0,0,0,0,0,0,0,0
SPTI,2025-03-19,en,10050,0,0.0,0,0,0,0,0,0,0,0,0
SURA,2022-05-08,ar,3049,0,0.0,0,0,0,0,0,0,0,0,0
SURA,2022-05-08,en,3637,0,0.0,0,0,0,0,0,0,0,0,0
SURA,2023-03-31,ar,3990,0,0.0,0,0,0,0,0,0,0,0,0
SURA,2023-03-31,en,4712,0,0.0,0,0,0,0,0,0,0,0,0
SURA,2024-04-23,ar,4180,0,0.0,0,0,0,0,0,0,0,0,0
SURA,2024-04-23,en,5167,0,0.0,0,0,0,0,0,0,0,0,0
SURA,2025-04-06,ar,3764,0,0.0,0,0,0,0,0,0,0,0,0
SURA,2025-04-06,en,4648,0,0.0,0,0,0,0,0,0,0,0,0
THBK,2021-03-31,ar,26833,0,0.0,0,0,0,0,0,0,0,0,0
THBK,2021-03-31,en,27250,0,0.0,0,0,0,0,0,0,0,0,0
THBK,2022-03-31,ar,28168,0,0.0,0,0,0,0,0,0,0,0,0
THBK,2022-03-31,en,30851,0,0.0,0,0,0,0,0,0,0,0,0
THBK,2023-03-31,ar,31259,0,0.0,0,0,0,0,0,0,0,0,0
THBK,2023-03-31,en,34049,0,0.0,0,0,0,0,0,0,0,0,0
THBK,2024-03-31,ar,47145,0,0.0,0,0,0,0,0,0,0,0,0
THBK,2024-03-31,en,50442,0,0.0,0,0,0,0,0,0,0,0,0
THBK,2025-04-05,ar,44351,0,0.0,0,0,0,0,0,0,0,0,0
THBK,2025-04-05,en,47747,0,0.0,0,0,0,0,0,0,0,0,0
THDI,2021-04-29,ar,5305,0,0.0,0,0,0,0,0,0,0,0,0
THDI,2021-04-29,en,6502,0,0.0,0,0,0,0,0,0,0,0,0
THDI,2022-03-07,ar,6105,0,0.0,0,0,0,0,0,0,0,0,0
THDI,2022-03-07,en,7189,0,0.0,0,0,0,0,0,0,0,0,0
THDI,2023-04-12,ar,3587,0,0.0,0,0,0,0,0,0,0,0,0
THDI,2023-04-12,en,4349,0,0.0,0,0,0,0,0,0,0,0,0
THDI,2024-03-31,ar,9590,0,0.0,0,0,0,0,0,0,0,0,0
THDI,2024-03-31,en,10821,0,0.0,0,0,0,0,0,0,0,0,0
UBSI,2021-04-29,ar,47037,0,0.0,0,0,0,0,0,0,0,0,0
UBSI,2021-04-29,en,30443,0,0.0,0,0,0,0,0,0,0,0,0
UBSI,2021-05-16,ar,47037,0,0.0,0,0,0,0,0,0,0,0,0
UBSI,2021-05-16,en,50019,0,0.0,0,0,0,0,0,0,0,0,0
UBSI,2022-04-29,ar,52457,1,0.191,1,0,0.0,0,1,0,0,0,0
UBSI,2022-04-29,en,58801,0,0.0,0,0,0,0,0,0,0,0,0
UBSI,2023-03-31,ar,57528,1,0.174,1,0,0.0,0,1,0,0,0,0
UBSI,2023-03-31,en,39805,0,0.0,0,0,0,0,0,0,0,0,0
UBSI,2024-03-31,ar,53660,2,0.373,2,1,0.5,1,1,0,0,0,0
UBSI,2024-03-31,en,36953,0,0.0,0,0,0,0,0,0,0,0,0
UCFI,2022-04-29,ar,22088,0,0.0,0,0,0,0,0,0,0,0,0
UCFI,2022-04-29,en,24956,0,0.0,0,0,0,0,0,0,0,0,0
UCFI,2023-04-30,ar,20020,0,0.0,0,0,0,0,0,0,0,0,0
UCFI,2023-04-30,en,24076,0,0.0,0,0,0,0,0,0,0,0,0
UCFI,2024-04-30,ar,10961,0,0.0,0,0,0,0,0,0,0,0,0
UCFI,2024-04-30,en,12839,0,0.0,0,0,0,0,0,0,0,0,0
UCFI,2025-04-30,ar,17706,0,0.0,0,0,0,0,0,0,0,0,0
UCFI,2025-04-30,en,19729,0,0.0,0,0,0,0,0,0,0,0,0
UMIC,2021-03-31,ar,8984,0,0.0,0,0,0,0,0,0,0,0,0
UMIC,2021-03-31,en,10898,0,0.0,0,0,0,0,0,0,0,0,0
UMIC,2022-04-12,ar,10297,0,0.0,0,0,0,0,0,0,0,0,0
UMIC,2022-04-12,en,10923,0,0.0,0,0,0,0,0,0,0,0,0
UMIC,2023-03-28,ar,15636,0,0.0,0,0,0,0,0,0,0,0,0
UMIC,2023-03-28,en,15600,0,0.0,0,0,0,0,0,0,0,0,0
UMIC,2024-03-21,ar,14126,0,0.0,0,0,0,0,0,0,0,0,0
UMIC,2024-03-21,en,14757,0,0.0,0,0,0,0,0,0,0,0,0
UMIC,2025-04-20,ar,14576,0,0.0,0,0,0,0,0,0,0,0,0
UMIC,2025-04-20,en,16974,0,0.0,0,0,0,0,0,0,0,0,0
VFED,2022-03-24,ar,13530,0,0.0,0,0,0,0,0,0,0,0,0
VFED,2022-03-24,en,16056,0,0.0,0,0,0,0,0,0,0,0,0
VFED,2023-03-26,ar,15059,0,0.0,0,0,0,0,0,0,0,0,0
VFED,2023-03-26,en,17662,0,0.0,0,0,0,0,0,0,0,0,0
VFED,2024-02-29,ar,14002,1,0.714,1,0,0.0,0,0,0,0,0,1
VFED,2024-02-29,en,17160,1,0.583,1,0,0.0,0,0,0,0,0,1
VFED,2025-03-13,ar,14115,1,0.708,1,0,0.0,0,0,0,0,0,1
VFED,2025-03-13,en,16697,1,0.599,1,0,0.0,0,0,0,0,0,1
ZARA,2021-04-30,ar,24033,0,0.0,0,0,0,0,0,0,0,0,0
ZARA,2021-04-30,en,26719,0,0.0,0,0,0,0,0,0,0,0,0
ZARA,2022-04-27,ar,25060,0,0.0,0,0,0,0,0,0,0,0,0
ZARA,2022-04-27,en,26944,0,0.0,0,0,0,0,0,0,0,0,0
ZARA,2023-04-30,ar,28104,0,0.0,0,0,0,0,0,0,0,0,0
ZARA,2023-04-30,en,29564,0,0.0,0,0,0,0,0,0,0,0,0
ZARA,2024-04-29,ar,26294,0,0.0,0,0,0,0,0,0,0,0,0
ZARA,2024-04-29,en,28363,0,0.0,0,0,0,0,0,0,0,0,0
ZARA,2025-04-30,ar,28357,0,0.0,0,0,0,0,0,0,0,0,0
ZARA,2025-04-30,en,30894,0,0.0,0,0,0,0,0,0,0,0,0
ZEIC,2021-03-03,ar,15810,0,0.0,0,0,0,0,0,0,0,0,0
ZEIC,2021-03-03,en,19022,0,0.0,0,0,0,0,0,0,0,0,0
ZEIC,2022-02-24,ar,22531,1,0.444,1,0,0.0,1,0,0,0,0,0
ZEIC,2022-02-24,en,28952,2,0.691,1,0,0.0,2,0,0,0,0,0
ZEIC,2023-02-07,ar,27177,2,0.736,1,0,0.0,2,0,0,0,0,0
ZEIC,2023-02-07,en,32311,3,0.928,1,0,0.0,3,0,0,0,0,0
ZEIC,2024-02-13,ar,28843,1,0.347,1,0,0.0,1,0,0,0,0,0
ZEIC,2024-02-13,en,34403,1,0.291,1,0,0.0,1,0,0,0,0,0
ZEIC,2025-02-12,ar,28798,1,0.347,1,0,0.0,1,0,0,0,0,0
ZEIC,2025-02-12,en,34474,1,0.29,1,0,0.0,1,0,0,0,0,0
